School Year,School ID,School Name,Test,# Students,Average Composite Score,Average EBRW Score,Average Math Score,% Meeting College Readiness Benchmark,% Partially Met State EBRW Standards,% Approached State EBRW Standards,% Met State EBRW Standards,% Exceeded State EBRW Standards,% Met or Exceeded State EBRW Standards,% Partially Met State Math Standards,% Approached State Math Standards,% Met State Math Standards,% Exceeded State Math Standards,% Met or Exceeded State Math Standards
2016-2017,400010,ACE TECH HS,PSAT 9,72,727,354,373,11.1, , , , , , , , , , 
2016-2017,400010,ACE TECH HS,PSAT 10,66,773,380,392,9.1, , , , , , , , , , 
2016-2017,400010,ACE TECH HS,SAT,78,848,426,422,6.4,55.1,39.7,3.8,1.3,5.1,67.9,26.9,5.1,0,5.1
2016-2017,400010,ACE TECH HS,Combined,216, , , ,8.8, , , , , , , , , , 
2016-2017,400013,ASPIRA - EARLY COLLEGE HS,PSAT 9,110,761,377,383,21.8, , , , , , , , , , 
2016-2017,400013,ASPIRA - EARLY COLLEGE HS,PSAT 10,83,812,396,416,15.7, , , , , , , , , , 
2016-2017,400013,ASPIRA - EARLY COLLEGE HS,SAT,95,849,435,413,9.5,48.4,45.3,6.3,0,6.3,68.4,26.3,5.3,0,5.3
2016-2017,400013,ASPIRA - EARLY COLLEGE HS,Combined,288, , , ,16, , , , , , , , , , 
2016-2017,400022,CHIARTS HS,PSAT 9,156,885,453,432,53.2, , , , , , , , , , 
2016-2017,400022,CHIARTS HS,PSAT 10,145,929,486,443,51, , , , , , , , , , 
2016-2017,400022,CHIARTS HS,SAT,153,995,519,475,44.4,13.1,49.7,24.8,12.4,37.3,37.3,39.2,22.2,1.3,23.5
2016-2017,400022,CHIARTS HS,Combined,454, , , ,49.6, , , , , , , , , , 
2016-2017,400032,CICS - ELLISON HS,PSAT 9,113,731,362,368,7.1, , , , , , , , , , 
2016-2017,400032,CICS - ELLISON HS,PSAT 10,112,811,412,398,10.7, , , , , , , , , , 
2016-2017,400032,CICS - ELLISON HS,SAT,83,885,461,424,13.3,32.5,53,13.3,1.2,14.5,65.1,33.7,1.2,0,1.2
2016-2017,400032,CICS - ELLISON HS,Combined,308, , , ,10.1, , , , , , , , , , 
2016-2017,400033,CICS - LONGWOOD,PSAT 9,110,722,359,362,10, , , , , , , , , , 
2016-2017,400033,CICS - LONGWOOD,PSAT 10,105,774,380,394,6.7, , , , , , , , , , 
2016-2017,400033,CICS - LONGWOOD,SAT,122,842,440,402,4.9,40.2,53.3,6.6,0,6.6,74.6,23,2.5,0,2.5
2016-2017,400033,CICS - LONGWOOD,Combined,337, , , ,7.1, , , , , , , , , , 
2016-2017,400034,CICS - NORTHTOWN HS,PSAT 9,259,824,405,419,36.3, , , , , , , , , , 
2016-2017,400034,CICS - NORTHTOWN HS,PSAT 10,223,887,451,436,41.3, , , , , , , , , , 
2016-2017,400034,CICS - NORTHTOWN HS,SAT,189,966,495,471,41.8,23.8,42.3,30.2,3.7,33.9,40.2,36.5,22.2,1.1,23.3
2016-2017,400034,CICS - NORTHTOWN HS,Combined,671, , , ,39.5, , , , , , , , , , 
2016-2017,400035,CHICAGO MATH & SCIENCE HS,PSAT 9,78,862,402,460,52.6, , , , , , , , , , 
2016-2017,400035,CHICAGO MATH & SCIENCE HS,PSAT 10,83,888,434,454,39.8, , , , , , , , , , 
2016-2017,400035,CHICAGO MATH & SCIENCE HS,SAT,87,1018,495,523,54,17.2,50.6,28.7,3.4,32.2,21.8,32.2,39.1,6.9,46
2016-2017,400035,CHICAGO MATH & SCIENCE HS,Combined,248, , , ,48.8, , , , , , , , , , 
2016-2017,400036,CHICAGO VIRTUAL,PSAT 9,44,842,430,413,43.2, , , , , , , , , , 
2016-2017,400036,CHICAGO VIRTUAL,PSAT 10,36,847,425,422,36.1, , , , , , , , , , 
2016-2017,400036,CHICAGO VIRTUAL,SAT,43,899,467,432,25.6,39.5,32.6,23.3,4.7,27.9,58.1,32.6,9.3,0,9.3
2016-2017,400036,CHICAGO VIRTUAL,Combined,123, , , ,35, , , , , , , , , , 
2016-2017,400051,NOBLE - NOBLE HS,PSAT 9,184,876,425,451,53.8, , , , , , , , , , 
2016-2017,400051,NOBLE - NOBLE HS,PSAT 10,159,951,471,479,64.8, , , , , , , , , , 
2016-2017,400051,NOBLE - NOBLE HS,SAT,132,1036,510,526,56.1,14.4,50.8,30.3,4.5,34.8,13.6,42.4,38.6,5.3,43.9
2016-2017,400051,NOBLE - NOBLE HS,Combined,475, , , ,58.1, , , , , , , , , , 
2016-2017,400052,NOBLE - COMER,PSAT 9,263,778,371,407,19.8, , , , , , , , , , 
2016-2017,400052,NOBLE - COMER,PSAT 10,190,840,417,423,26.8, , , , , , , , , , 
2016-2017,400052,NOBLE - COMER,SAT,136,971,492,479,39.7,20.6,56.6,17.6,5.1,22.8,32.4,44.9,22.1,0.7,22.8
2016-2017,400052,NOBLE - COMER,Combined,589, , , ,26.7, , , , , , , , , , 
2016-2017,400053,NOBLE - GOLDER HS,PSAT 9,171,858,416,441,50.3, , , , , , , , , , 
2016-2017,400053,NOBLE - GOLDER HS,PSAT 10,162,925,465,459,59.9, , , , , , , , , , 
2016-2017,400053,NOBLE - GOLDER HS,SAT,147,997,502,495,46.3,16.3,52.4,28.6,2.7,31.3,21.8,47.6,28.6,2,30.6
2016-2017,400053,NOBLE - GOLDER HS,Combined,480, , , ,52.3, , , , , , , , , , 
2016-2017,400054,NOBLE - PRITZKER HS,PSAT 9,322,884,425,459,57.5, , , , , , , , , , 
2016-2017,400054,NOBLE - PRITZKER HS,PSAT 10,222,950,471,480,62.6, , , , , , , , , , 
2016-2017,400054,NOBLE - PRITZKER HS,SAT,216,1030,519,511,59.3,13,47.2,31.5,8.3,39.8,16.7,47.2,33.3,2.8,36.1
2016-2017,400054,NOBLE - PRITZKER HS,Combined,760, , , ,59.5, , , , , , , , , , 
2016-2017,400055,NOBLE - RAUNER HS,PSAT 9,168,845,406,438,41.7, , , , , , , , , , 
2016-2017,400055,NOBLE - RAUNER HS,PSAT 10,170,919,455,463,52.9, , , , , , , , , , 
2016-2017,400055,NOBLE - RAUNER HS,SAT,118,997,504,494,49.2,15.3,54.2,23.7,6.8,30.5,26.3,42.4,30.5,0.8,31.4
2016-2017,400055,NOBLE - RAUNER HS,Combined,456, , , ,47.8, , , , , , , , , , 
2016-2017,400056,NOBLE - ROWE CLARK HS,PSAT 9,137,760,365,394,16.1, , , , , , , , , , 
2016-2017,400056,NOBLE - ROWE CLARK HS,PSAT 10,94,869,439,431,34, , , , , , , , , , 
2016-2017,400056,NOBLE - ROWE CLARK HS,SAT,115,937,481,456,33,21.7,53,23.5,1.7,25.2,43.5,42.6,12.2,1.7,13.9
2016-2017,400056,NOBLE - ROWE CLARK HS,Combined,346, , , ,26.6, , , , , , , , , , 
2016-2017,400057,NOBLE - UIC HS,PSAT 9,257,870,427,443,51.8, , , , , , , , , , 
2016-2017,400057,NOBLE - UIC HS,PSAT 10,214,933,471,461,57, , , , , , , , , , 
2016-2017,400057,NOBLE - UIC HS,SAT,218,1073,541,533,71.6,4.6,38.5,51.4,5.5,56.9,12.4,38.5,43.6,5.5,49.1
2016-2017,400057,NOBLE - UIC HS,Combined,689, , , ,59.7, , , , , , , , , , 
2016-2017,400058,NORTH LAWNDALE - CHRISTIANA HS,PSAT 9,83,754,368,386,9.6, , , , , , , , , , 
2016-2017,400058,NORTH LAWNDALE - CHRISTIANA HS,PSAT 10,86,779,384,394,3.5, , , , , , , , , , 
2016-2017,400058,NORTH LAWNDALE - CHRISTIANA HS,SAT,76,813,403,410,3.9,72.4,26.3,1.3,0,1.3,67.1,31.6,1.3,0,1.3
2016-2017,400058,NORTH LAWNDALE - CHRISTIANA HS,Combined,245, , , ,5.7, , , , , , , , , , 
2016-2017,400059,NORTH LAWNDALE - COLLINS HS,PSAT 9,82,716,351,365,7.3, , , , , , , , , , 
2016-2017,400059,NORTH LAWNDALE - COLLINS HS,PSAT 10,96,798,397,401,10.4, , , , , , , , , , 
2016-2017,400059,NORTH LAWNDALE - COLLINS HS,SAT,75,837,418,420,2.7,53.3,46.7,0,0,0,65.3,32,2.7,0,2.7
2016-2017,400059,NORTH LAWNDALE - COLLINS HS,Combined,253, , , ,7.1, , , , , , , , , , 
2016-2017,400061,PERSPECTIVES - LEADERSHIP HS,PSAT 9,57,741,358,384,17.5, , , , , , , , , , 
2016-2017,400061,PERSPECTIVES - LEADERSHIP HS,PSAT 10,101,798,400,398,13.9, , , , , , , , , , 
2016-2017,400061,PERSPECTIVES - LEADERSHIP HS,SAT,98,879,451,428,17.3,33.7,56.1,9.2,1,10.2,58.2,34.7,6.1,1,7.1
2016-2017,400061,PERSPECTIVES - LEADERSHIP HS,Combined,256, , , ,16, , , , , , , , , , 
2016-2017,400062,PERSPECTIVES - TECH HS,PSAT 9,79,751,370,381,10.1, , , , , , , , , , 
2016-2017,400062,PERSPECTIVES - TECH HS,PSAT 10,100,811,404,407,11, , , , , , , , , , 
2016-2017,400062,PERSPECTIVES - TECH HS,SAT,84,862,443,419,13.1,42.9,46.4,10.7,0,10.7,66.7,27.4,6,0,6
2016-2017,400062,PERSPECTIVES - TECH HS,Combined,263, , , ,11.4, , , , , , , , , , 
2016-2017,400064,PERSPECTIVES - JOSLIN HS,PSAT 9,55,754,381,373,12.7, , , , , , , , , , 
2016-2017,400064,PERSPECTIVES - JOSLIN HS,PSAT 10,61,859,443,417,29.5, , , , , , , , , , 
2016-2017,400064,PERSPECTIVES - JOSLIN HS,SAT,56,878,458,421,16.1,41.1,42.9,12.5,3.6,16.1,71.4,25,3.6,0,3.6
2016-2017,400064,PERSPECTIVES - JOSLIN HS,Combined,172, , , ,19.8, , , , , , , , , , 
2016-2017,400066,PERSPECTIVES - MATH & SCI HS,PSAT 9,88,755,376,379,14.8, , , , , , , , , , 
2016-2017,400066,PERSPECTIVES - MATH & SCI HS,PSAT 10,105,832,424,409,27.6, , , , , , , , , , 
2016-2017,400066,PERSPECTIVES - MATH & SCI HS,SAT,64,851,436,415,10.9,50,40.6,7.8,1.6,9.4,71.9,21.9,6.3,0,6.3
2016-2017,400066,PERSPECTIVES - MATH & SCI HS,Combined,257, , , ,19.1, , , , , , , , , , 
2016-2017,400077,U OF C - WOODLAWN HS,PSAT 9,105,754,364,390,11.4, , , , , , , , , , 
2016-2017,400077,U OF C - WOODLAWN HS,PSAT 10,113,850,424,426,29.2, , , , , , , , , , 
2016-2017,400077,U OF C - WOODLAWN HS,SAT,82,903,461,442,19.5,32.9,54.9,9.8,2.4,12.2,51.2,40.2,8.5,0,8.5
2016-2017,400077,U OF C - WOODLAWN HS,Combined,300, , , ,20.3, , , , , , , , , , 
2016-2017,400085,ACERO - GARCIA HS,PSAT 9,146,821,406,414,34.2, , , , , , , , , , 
2016-2017,400085,ACERO - GARCIA HS,PSAT 10,169,878,446,431,36.7, , , , , , , , , , 
2016-2017,400085,ACERO - GARCIA HS,SAT,156,913,468,445,21.8,31.4,50,18.6,0,18.6,53.8,34.6,11.5,0,11.5
2016-2017,400085,ACERO - GARCIA HS,Combined,471, , , ,31, , , , , , , , , , 
2016-2017,400086,URBAN PREP - ENGLEWOOD HS,PSAT 9,60,739,368,371,15, , , , , , , , , , 
2016-2017,400086,URBAN PREP - ENGLEWOOD HS,PSAT 10,65,828,416,412,29.2, , , , , , , , , , 
2016-2017,400086,URBAN PREP - ENGLEWOOD HS,SAT,82,856,444,412,9.8,40.2,52.4,7.3,0,7.3,65.9,28,6.1,0,6.1
2016-2017,400086,URBAN PREP - ENGLEWOOD HS,Combined,207, , , ,17.4, , , , , , , , , , 
2016-2017,400087,YOUNG WOMENS HS,PSAT 9,43,755,382,373,14, , , , , , , , , , 
2016-2017,400087,YOUNG WOMENS HS,PSAT 10,77,806,405,401,10.4, , , , , , , , , , 
2016-2017,400087,YOUNG WOMENS HS,SAT,43,865,447,419,16.3,41.9,48.8,9.3,0,9.3,62.8,30.2,7,0,7
2016-2017,400087,YOUNG WOMENS HS,Combined,163, , , ,12.9, , , , , , , , , , 
2016-2017,400091,CHICAGO TECH HS,PSAT 9,59,764,364,400,15.3, , , , , , , , , , 
2016-2017,400091,CHICAGO TECH HS,PSAT 10,54,788,393,395,14.8, , , , , , , , , , 
2016-2017,400091,CHICAGO TECH HS,SAT,65,875,438,437,20,50.8,40,9.2,0,9.2,56.9,33.8,9.2,0,9.2
2016-2017,400091,CHICAGO TECH HS,Combined,178, , , ,16.9, , , , , , , , , , 
2016-2017,400094,EPIC HS,PSAT 9,173,797,392,405,29.5, , , , , , , , , , 
2016-2017,400094,EPIC HS,PSAT 10,143,851,446,405,32.2, , , , , , , , , , 
2016-2017,400094,EPIC HS,SAT,80,938,479,458,23.8,23.8,56.3,17.5,2.5,20,46.3,37.5,16.3,0,16.3
2016-2017,400094,EPIC HS,Combined,396, , , ,29.3, , , , , , , , , , 
2016-2017,400097,NOBLE - BULLS HS,PSAT 9,324,838,402,437,43.5, , , , , , , , , , 
2016-2017,400097,NOBLE - BULLS HS,PSAT 10,279,912,447,465,51.3, , , , , , , , , , 
2016-2017,400097,NOBLE - BULLS HS,SAT,243,1036,514,522,58,16.9,43.6,32.5,7,39.5,18.1,35.4,40.7,5.8,46.5
2016-2017,400097,NOBLE - BULLS HS,Combined,846, , , ,50.2, , , , , , , , , , 
2016-2017,400098,NOBLE - MUCHIN HS,PSAT 9,273,875,428,447,52.4, , , , , , , , , , 
2016-2017,400098,NOBLE - MUCHIN HS,PSAT 10,227,956,481,476,66.5, , , , , , , , , , 
2016-2017,400098,NOBLE - MUCHIN HS,SAT,223,1010,510,499,53.8,14.8,45.7,36.3,3.1,39.5,24.2,41.7,33.2,0.9,34.1
2016-2017,400098,NOBLE - MUCHIN HS,Combined,723, , , ,57.3, , , , , , , , , , 
2016-2017,400102,URBAN PREP - WEST HS,PSAT 9,51,712,353,359,3.9, , , , , , , , , , 
2016-2017,400102,URBAN PREP - WEST HS,PSAT 10,54,794,403,391,13, , , , , , , , , , 
2016-2017,400102,URBAN PREP - WEST HS,SAT,62,838,433,405,9.7,48.4,43.5,8.1,0,8.1,72.6,25.8,1.6,0,1.6
2016-2017,400102,URBAN PREP - WEST HS,Combined,167, , , ,9, , , , , , , , , , 
2016-2017,400104,INSTITUTO - HEALTH,PSAT 9,179,776,378,397,21.8, , , , , , , , , , 
2016-2017,400104,INSTITUTO - HEALTH,PSAT 10,177,804,398,406,14.7, , , , , , , , , , 
2016-2017,400104,INSTITUTO - HEALTH,SAT,161,883,442,441,17.4,44.1,50.9,5,0,5,51.6,38.5,9.9,0,9.9
2016-2017,400104,INSTITUTO - HEALTH,Combined,517, , , ,18, , , , , , , , , , 
2016-2017,400105,URBAN PREP - BRONZEVILLE HS,PSAT 9,82,764,381,383,15.9, , , , , , , , , , 
2016-2017,400105,URBAN PREP - BRONZEVILLE HS,PSAT 10,66,787,395,391,6.1, , , , , , , , , , 
2016-2017,400105,URBAN PREP - BRONZEVILLE HS,SAT,91,872,453,419,13.2,37.4,48.4,14.3,0,14.3,67,28.6,4.4,0,4.4
2016-2017,400105,URBAN PREP - BRONZEVILLE HS,Combined,239, , , ,12.1, , , , , , , , , , 
2016-2017,400106,NOBLE - JOHNSON HS,PSAT 9,215,779,384,395,25.6, , , , , , , , , , 
2016-2017,400106,NOBLE - JOHNSON HS,PSAT 10,224,841,422,419,25, , , , , , , , , , 
2016-2017,400106,NOBLE - JOHNSON HS,SAT,163,923,480,444,30.1,25.2,49.7,22.7,2.5,25.2,49.1,36.2,14.7,0,14.7
2016-2017,400106,NOBLE - JOHNSON HS,Combined,602, , , ,26.6, , , , , , , , , , 
2016-2017,400113,CICS - CHICAGOQUEST HS,PSAT 9,91,769,391,378,19.8, , , , , , , , , , 
2016-2017,400113,CICS - CHICAGOQUEST HS,PSAT 10,56,794,404,390,10.7, , , , , , , , , , 
2016-2017,400113,CICS - CHICAGOQUEST HS,SAT,51,866,452,413,11.8,33.3,58.8,3.9,3.9,7.8,80.4,15.7,3.9,0,3.9
2016-2017,400113,CICS - CHICAGOQUEST HS,Combined,198, , , ,15.2, , , , , , , , , , 
2016-2017,400115,CATALYST - MARIA,PSAT 9,141,789,384,406,24.8, , , , , , , , , , 
2016-2017,400115,CATALYST - MARIA,PSAT 10,151,828,415,412,17.9, , , , , , , , , , 
2016-2017,400115,CATALYST - MARIA,SAT,127,871,442,429,9.4,37.8,55.9,6.3,0,6.3,61.4,33.1,5.5,0,5.5
2016-2017,400115,CATALYST - MARIA,Combined,419, , , ,17.7, , , , , , , , , , 
2016-2017,400117,NOBLE - HANSBERRY HS,PSAT 9,165,780,389,389,28.5, , , , , , , , , , 
2016-2017,400117,NOBLE - HANSBERRY HS,PSAT 10,164,841,431,410,31.1, , , , , , , , , , 
2016-2017,400117,NOBLE - HANSBERRY HS,SAT,154,921,471,450,28.6,30.5,48.7,16.9,3.9,20.8,50.6,37.7,11.7,0,11.7
2016-2017,400117,NOBLE - HANSBERRY HS,Combined,483, , , ,29.4, , , , , , , , , , 
2016-2017,400118,NOBLE - DRW HS,PSAT 9,131,752,366,385,19.1, , , , , , , , , , 
2016-2017,400118,NOBLE - DRW HS,PSAT 10,154,851,424,426,26.6, , , , , , , , , , 
2016-2017,400118,NOBLE - DRW HS,SAT,69,910,465,445,23.2,30.4,53.6,14.5,1.4,15.9,47.8,40.6,10.1,1.4,11.6
2016-2017,400118,NOBLE - DRW HS,Combined,354, , , ,23.2, , , , , , , , , , 
2016-2017,400119,LEGAL PREP HS,PSAT 9,99,753,366,388,15.2, , , , , , , , , , 
2016-2017,400119,LEGAL PREP HS,PSAT 10,68,812,396,416,19.1, , , , , , , , , , 
2016-2017,400119,LEGAL PREP HS,SAT,58,838,428,410,5.2,48.3,50,1.7,0,1.7,69,29.3,1.7,0,1.7
2016-2017,400119,LEGAL PREP HS,Combined,225, , , ,13.8, , , , , , , , , , 
2016-2017,400121,ACERO - DE LA CRUZ,PSAT 9,27,819,406,414,37, , , , , , , , , , 
2016-2017,400121,ACERO - DE LA CRUZ,PSAT 10,51,808,388,417,13.7, , , , , , , , , , 
2016-2017,400121,ACERO - DE LA CRUZ,SAT,65,876,443,433,23.1,41.5,49.2,9.2,0,9.2,61.5,26.2,12.3,0,12.3
2016-2017,400121,ACERO - DE LA CRUZ,Combined,143, , , ,22.4, , , , , , , , , , 
2016-2017,400123,YCCS - SCHOLASTIC ACHIEVEMENT,SAT,14,741,381,360,0,92.9,7.1,0,0,0,100,0,0,0,0
2016-2017,400123,YCCS - SCHOLASTIC ACHIEVEMENT,Combined,14, , , ,0, , , , , , , , , , 
2016-2017,400124,YCCS - MCKINLEY,SAT,27,765,384,381,3.7,88.9,11.1,0,0,0,85.2,14.8,0,0,0
2016-2017,400124,YCCS - MCKINLEY,Combined,27, , , ,3.7, , , , , , , , , , 
2016-2017,400125,YCCS - ASPIRA PANTOJA,SAT,39,804,411,393,5.1,69.2,28.2,2.6,0,2.6,89.7,10.3,0,0,0
2016-2017,400125,YCCS - ASPIRA PANTOJA,Combined,39, , , ,5.1, , , , , , , , , , 
2016-2017,400126,YCCS - ASSOCIATION HOUSE,SAT,12,778,379,399,8.3,91.7,0,8.3,0,8.3,83.3,16.7,0,0,0
2016-2017,400126,YCCS - ASSOCIATION HOUSE,Combined,12, , , ,8.3, , , , , , , , , , 
2016-2017,400127,YCCS - AUSTIN CAREER,SAT,11,761,405,356,0,81.8,9.1,9.1,0,9.1,100,0,0,0,0
2016-2017,400127,YCCS - AUSTIN CAREER,Combined,11, , , ,0, , , , , , , , , , 
2016-2017,400128,YCCS - CCA ACADEMY,SAT,49,783,406,378,2,73.5,24.5,0,2,2,89.8,10.2,0,0,0
2016-2017,400128,YCCS - CCA ACADEMY,Combined,49, , , ,2, , , , , , , , , , 
2016-2017,400129,YCCS - PROGRESSIVE LEADERSHIP,SAT,16,740,368,372,0,87.5,12.5,0,0,0,93.8,6.3,0,0,0
2016-2017,400129,YCCS - PROGRESSIVE LEADERSHIP,Combined,16, , , ,0, , , , , , , , , , 
2016-2017,400130,YCCS - YOUTH DEVELOPMENT,SAT,28,784,395,389,0,75,25,0,0,0,89.3,7.1,3.6,0,3.6
2016-2017,400130,YCCS - YOUTH DEVELOPMENT,Combined,28, , , ,0, , , , , , , , , , 
2016-2017,400131,YCCS - CAMPOS,SAT,30,778,392,386,0,70,30,0,0,0,90,10,0,0,0
2016-2017,400131,YCCS - CAMPOS,Combined,30, , , ,0, , , , , , , , , , 
2016-2017,400133,YCCS - INNOVATIONS,SAT,10,755,388,367,0,90,10,0,0,0,90,10,0,0,0
2016-2017,400133,YCCS - INNOVATIONS,Combined,10, , , ,0, , , , , , , , , , 
2016-2017,400134,YCCS - ADDAMS,SAT,14,794,401,392,0,78.6,21.4,0,0,0,100,0,0,0,0
2016-2017,400134,YCCS - ADDAMS,Combined,14, , , ,0, , , , , , , , , , 
2016-2017,400135,YCCS - LATINO YOUTH,SAT,61,802,413,389,1.6,65.6,32.8,1.6,0,1.6,77,23,0,0,0
2016-2017,400135,YCCS - LATINO YOUTH,Combined,61, , , ,1.6, , , , , , , , , , 
2016-2017,400136,YCCS - OLIVE HARVEY,SAT,15,787,401,386,0,73.3,26.7,0,0,0,93.3,6.7,0,0,0
2016-2017,400136,YCCS - OLIVE HARVEY,Combined,15, , , ,0, , , , , , , , , , 
2016-2017,400137,LITTLE BLACK PEARL HS,PSAT 10,28,802,403,400,10.7, , , , , , , , , , 
2016-2017,400137,LITTLE BLACK PEARL HS,SAT,35,831,433,399,2.9,51.4,48.6,0,0,0,77.1,22.9,0,0,0
2016-2017,400137,LITTLE BLACK PEARL HS,Combined,63, , , ,6.3, , , , , , , , , , 
2016-2017,400139,YCCS - SULLIVAN,SAT,11,751,386,365,0,81.8,18.2,0,0,0,100,0,0,0,0
2016-2017,400139,YCCS - SULLIVAN,Combined,11, , , ,0, , , , , , , , , , 
2016-2017,400141,YCCS - TRUMAN,SAT,18,838,424,413,11.1,72.2,16.7,5.6,5.6,11.1,83.3,11.1,5.6,0,5.6
2016-2017,400141,YCCS - TRUMAN,Combined,18, , , ,11.1, , , , , , , , , , 
2016-2017,400143,YCCS - WEST TOWN,SAT,13,804,409,395,0,76.9,23.1,0,0,0,76.9,23.1,0,0,0
2016-2017,400143,YCCS - WEST TOWN,Combined,13, , , ,0, , , , , , , , , , 
2016-2017,400144,YCCS - WESTSIDE HOLISTIC,SAT,15,813,409,405,0,60,40,0,0,0,86.7,13.3,0,0,0
2016-2017,400144,YCCS - WESTSIDE HOLISTIC,Combined,15, , , ,0, , , , , , , , , , 
2016-2017,400145,YCCS - YOUTH CONNECTION,SAT,10,788,406,382,0,80,20,0,0,0,90,10,0,0,0
2016-2017,400145,YCCS - YOUTH CONNECTION,Combined,10, , , ,0, , , , , , , , , , 
2016-2017,400147,CAMELOT - EXCEL HS,PSAT 9,9, , , , , , , , , , , , , , 
2016-2017,400147,CAMELOT - EXCEL HS,PSAT 10,23,762,372,390,0, , , , , , , , , , 
2016-2017,400147,CAMELOT - EXCEL HS,SAT,38,785,393,392,0,89.5,10.5,0,0,0,89.5,10.5,0,0,0
2016-2017,400147,CAMELOT - EXCEL HS,Combined,70, , , ,0, , , , , , , , , , 
2016-2017,400148,INSTITUTO - LOZANO HS,SAT,14,836,412,424,14.3,64.3,21.4,14.3,0,14.3,64.3,28.6,7.1,0,7.1
2016-2017,400148,INSTITUTO - LOZANO HS,Combined,14, , , ,14.3, , , , , , , , , , 
2016-2017,400149,ACERO - SOTO HS,PSAT 9,142,777,381,395,23.9, , , , , , , , , , 
2016-2017,400149,ACERO - SOTO HS,PSAT 10,151,839,422,417,22.5, , , , , , , , , , 
2016-2017,400149,ACERO - SOTO HS,SAT,113,915,465,450,23,30.1,54,15,0.9,15.9,45.1,46,8.8,0,8.8
2016-2017,400149,ACERO - SOTO HS,Combined,406, , , ,23.2, , , , , , , , , , 
2016-2017,400150,YCCS - CHATHAM,SAT,11,805,405,400,0,81.8,18.2,0,0,0,81.8,18.2,0,0,0
2016-2017,400150,YCCS - CHATHAM,Combined,11, , , ,0, , , , , , , , , , 
2016-2017,400156,NOBLE - BUTLER HS,PSAT 9,172,803,389,411,33.7, , , , , , , , , , 
2016-2017,400156,NOBLE - BUTLER HS,PSAT 10,139,852,428,424,29.5, , , , , , , , , , 
2016-2017,400156,NOBLE - BUTLER HS,SAT,115,915,465,450,25.2,33,48.7,16.5,1.7,18.3,48.7,38.3,13,0,13
2016-2017,400156,NOBLE - BUTLER HS,Combined,426, , , ,30, , , , , , , , , , 
2016-2017,400157,NOBLE - BAKER HS,PSAT 9,75,759,369,388,17.3, , , , , , , , , , 
2016-2017,400157,NOBLE - BAKER HS,PSAT 10,108,884,448,435,41.7, , , , , , , , , , 
2016-2017,400157,NOBLE - BAKER HS,SAT,92,938,477,461,34.8,30.4,45.7,17.4,6.5,23.9,43.5,38,16.3,2.2,18.5
2016-2017,400157,NOBLE - BAKER HS,Combined,275, , , ,32.7, , , , , , , , , , 
2016-2017,400162,INTRINSIC HS,PSAT 9,184,838,397,441,40.2, , , , , , , , , , 
2016-2017,400162,INTRINSIC HS,PSAT 10,158,890,444,446,41.1, , , , , , , , , , 
2016-2017,400162,INTRINSIC HS,SAT,159,976,496,480,42.8,18.9,45.3,34,1.9,35.8,30.2,50.9,18.2,0.6,18.9
2016-2017,400162,INTRINSIC HS,Combined,501, , , ,41.3, , , , , , , , , , 
2016-2017,400164,INSTITUTO - LOZANO HS,SAT,1, , , , , , , , , , , , , , 
2016-2017,400164,INSTITUTO - LOZANO HS,Combined,1, , , , , , , , , , , , , , 
2016-2017,400167,HORIZON - SOUTHWEST,PSAT 9,52,738,368,368,17.3, , , , , , , , , , 
2016-2017,400167,HORIZON - SOUTHWEST,PSAT 10,45,822,417,404,22.2, , , , , , , , , , 
2016-2017,400167,HORIZON - SOUTHWEST,Combined,97, , , ,19.6, , , , , , , , , , 
2016-2017,400169,NOBLE - ITW SPEER HS,PSAT 9,175,851,413,437,45.7, , , , , , , , , , 
2016-2017,400169,NOBLE - ITW SPEER HS,PSAT 10,368,917,456,461,54.6, , , , , , , , , , 
2016-2017,400169,NOBLE - ITW SPEER HS,SAT,219,984,487,497,44.3,17.4,55.3,26,1.4,27.4,26.5,41.6,29.7,2.3,32
2016-2017,400169,NOBLE - ITW SPEER HS,Combined,762, , , ,49.6, , , , , , , , , , 
2016-2017,400170,NOBLE - ACADEMY HS,PSAT 9,122,855,418,437,54.9, , , , , , , , , , 
2016-2017,400170,NOBLE - ACADEMY HS,PSAT 10,87,966,488,478,66.7, , , , , , , , , , 
2016-2017,400170,NOBLE - ACADEMY HS,SAT,121,1033,525,507,57.9,9.1,44.6,36.4,9.9,46.3,24.8,33.9,38,3.3,41.3
2016-2017,400170,NOBLE - ACADEMY HS,Combined,330, , , ,59.1, , , , , , , , , , 
2016-2017,400171,FOUNDATIONS,PSAT 9,43,740,364,376,18.6, , , , , , , , , , 
2016-2017,400171,FOUNDATIONS,Combined,43, , , ,18.6, , , , , , , , , , 
2016-2017,400172,ASPIRA - BUSINESS & FINANCE HS,PSAT 9,164,757,372,384,17.7, , , , , , , , , , 
2016-2017,400172,ASPIRA - BUSINESS & FINANCE HS,PSAT 10,153,810,400,410,15, , , , , , , , , , 
2016-2017,400172,ASPIRA - BUSINESS & FINANCE HS,Combined,317, , , ,16.4, , , , , , , , , , 
2016-2017,400173,PATHWAYS - BRIGHTON PARK HS,SAT,90,827,427,400,8.9,52.2,40,6.7,1.1,7.8,76.7,20,3.3,0,3.3
2016-2017,400173,PATHWAYS - BRIGHTON PARK HS,Combined,90, , , ,8.9, , , , , , , , , , 
2016-2017,400175,CAMELOT - EXCEL SOUTHSHORE HS,PSAT 9,18,693,326,355,11.1, , , , , , , , , , 
2016-2017,400175,CAMELOT - EXCEL SOUTHSHORE HS,PSAT 10,17,788,405,382,11.8, , , , , , , , , , 
2016-2017,400175,CAMELOT - EXCEL SOUTHSHORE HS,SAT,27,789,413,376,7.4,70.4,22.2,7.4,0,7.4,88.9,7.4,3.7,0,3.7
2016-2017,400175,CAMELOT - EXCEL SOUTHSHORE HS,Combined,62, , , ,9.7, , , , , , , , , , 
2016-2017,400176,CAMELOT - EXCEL SOUTHWEST HS,SAT,34,753,387,366,0,73.5,26.5,0,0,0,88.2,11.8,0,0,0
2016-2017,400176,CAMELOT - EXCEL SOUTHWEST HS,Combined,34, , , ,0, , , , , , , , , , 
2016-2017,400179,NOBLE - MANSUETO HS,PSAT 9,165,895,433,461,55.8, , , , , , , , , , 
2016-2017,400179,NOBLE - MANSUETO HS,Combined,165, , , ,55.8, , , , , , , , , , 
2016-2017,609674,CHICAGO VOCATIONAL HS,PSAT 9,172,716,349,367,8.1, , , , , , , , , , 
2016-2017,609674,CHICAGO VOCATIONAL HS,PSAT 10,169,798,400,397,11.8, , , , , , , , , , 
2016-2017,609674,CHICAGO VOCATIONAL HS,SAT,184,834,427,407,7.1,55.4,40.8,3.8,0,3.8,73.9,23.9,2.2,0,2.2
2016-2017,609674,CHICAGO VOCATIONAL HS,Combined,525, , , ,9, , , , , , , , , , 
2016-2017,609676,DUNBAR HS,PSAT 9,90,707,348,359,7.8, , , , , , , , , , 
2016-2017,609676,DUNBAR HS,PSAT 10,101,764,379,384,5, , , , , , , , , , 
2016-2017,609676,DUNBAR HS,SAT,114,804,411,393,0.9,60.5,38.6,0.9,0,0.9,79.8,20.2,0,0,0
2016-2017,609676,DUNBAR HS,Combined,305, , , ,4.3, , , , , , , , , , 
2016-2017,609678,JONES HS,PSAT 9,414,1134,566,568,99.5, , , , , , , , , , 
2016-2017,609678,JONES HS,PSAT 10,420,1164,587,577,98.8, , , , , , , , , , 
2016-2017,609678,JONES HS,SAT,464,1247,634,614,94.8,0.2,10.6,35.8,53.4,89.2,2.2,14,55.8,28,83.8
2016-2017,609678,JONES HS,Combined,1298, , , ,97.6, , , , , , , , , , 
2016-2017,609679,PROSSER HS,PSAT 9,352,859,426,433,51.1, , , , , , , , , , 
2016-2017,609679,PROSSER HS,PSAT 10,336,883,440,444,41.4, , , , , , , , , , 
2016-2017,609679,PROSSER HS,SAT,310,924,469,455,23.5,24.8,61,12.9,1.3,14.2,42.6,47.4,9.7,0.3,10
2016-2017,609679,PROSSER HS,Combined,998, , , ,39.3, , , , , , , , , , 
2016-2017,609680,PAYTON HS,PSAT 9,289,1188,592,596,100, , , , , , , , , , 
2016-2017,609680,PAYTON HS,PSAT 10,218,1258,635,622,99.5, , , , , , , , , , 
2016-2017,609680,PAYTON HS,SAT,210,1374,688,686,98.1,1,1,14.3,83.8,98.1,1.4,1.4,35.7,61.4,97.1
2016-2017,609680,PAYTON HS,Combined,717, , , ,99.3, , , , , , , , , , 
2016-2017,609682,RICHARDS HS,PSAT 9,50,692,338,354,4, , , , , , , , , , 
2016-2017,609682,RICHARDS HS,PSAT 10,54,760,367,393,7.4, , , , , , , , , , 
2016-2017,609682,RICHARDS HS,SAT,52,764,391,373,1.9,80.8,19.2,0,0,0,90.4,9.6,0,0,0
2016-2017,609682,RICHARDS HS,Combined,156, , , ,4.5, , , , , , , , , , 
2016-2017,609691,NORTH-GRAND HS,PSAT 9,218,766,378,388,22.5, , , , , , , , , , 
2016-2017,609691,NORTH-GRAND HS,PSAT 10,255,809,400,409,18, , , , , , , , , , 
2016-2017,609691,NORTH-GRAND HS,SAT,222,868,443,426,13.5,43.2,46.8,9.5,0.5,9.9,63.5,29.7,6.8,0,6.8
2016-2017,609691,NORTH-GRAND HS,Combined,695, , , ,18, , , , , , , , , , 
2016-2017,609692,SIMEON HS,PSAT 9,305,786,388,398,19, , , , , , , , , , 
2016-2017,609692,SIMEON HS,PSAT 10,268,832,427,405,22, , , , , , , , , , 
2016-2017,609692,SIMEON HS,SAT,304,889,460,430,14.5,30.6,57.6,10.9,1,11.8,63.5,30.3,6.3,0,6.3
2016-2017,609692,SIMEON HS,Combined,877, , , ,18.4, , , , , , , , , , 
2016-2017,609693,WESTINGHOUSE HS,PSAT 9,294,944,459,485,79.6, , , , , , , , , , 
2016-2017,609693,WESTINGHOUSE HS,PSAT 10,271,985,488,497,74.5, , , , , , , , , , 
2016-2017,609693,WESTINGHOUSE HS,SAT,266,1046,528,518,62,4.5,51.1,39.1,5.3,44.4,11.3,50,36.1,2.6,38.7
2016-2017,609693,WESTINGHOUSE HS,Combined,831, , , ,72.3, , , , , , , , , , 
2016-2017,609694,HANCOCK HS,PSAT 9,220,983,477,506,89.1, , , , , , , , , , 
2016-2017,609694,HANCOCK HS,PSAT 10,211,1006,498,508,85.8, , , , , , , , , , 
2016-2017,609694,HANCOCK HS,SAT,225,910,465,445,23.1,32.4,51.1,15.6,0.9,16.4,48.4,39.1,12.4,0,12.4
2016-2017,609694,HANCOCK HS,Combined,656, , , ,65.4, , , , , , , , , , 
2016-2017,609695,AMUNDSEN HS,PSAT 9,306,870,431,439,53.6, , , , , , , , , , 
2016-2017,609695,AMUNDSEN HS,PSAT 10,317,916,456,460,52.1, , , , , , , , , , 
2016-2017,609695,AMUNDSEN HS,SAT,260,931,468,463,30,28.1,55.8,15.4,0.8,16.2,39.6,43.5,16.5,0.4,16.9
2016-2017,609695,AMUNDSEN HS,Combined,883, , , ,46.1, , , , , , , , , , 
2016-2017,609698,BOGAN HS,PSAT 9,170,737,360,377,14.1, , , , , , , , , , 
2016-2017,609698,BOGAN HS,PSAT 10,155,800,395,405,15.5, , , , , , , , , , 
2016-2017,609698,BOGAN HS,SAT,182,823,418,405,7.7,64.3,31.3,4.4,0,4.4,73.1,24.7,2.2,0,2.2
2016-2017,609698,BOGAN HS,Combined,507, , , ,12.2, , , , , , , , , , 
2016-2017,609704,FARRAGUT HS,PSAT 9,159,766,375,390,19.5, , , , , , , , , , 
2016-2017,609704,FARRAGUT HS,PSAT 10,190,814,405,409,16.3, , , , , , , , , , 
2016-2017,609704,FARRAGUT HS,SAT,195,845,423,422,11.3,55.9,39.5,4.6,0,4.6,66.2,30.3,3.6,0,3.6
2016-2017,609704,FARRAGUT HS,Combined,544, , , ,15.4, , , , , , , , , , 
2016-2017,609705,FENGER HS,PSAT 9,57,702,346,357,3.5, , , , , , , , , , 
2016-2017,609705,FENGER HS,PSAT 10,52,782,389,393,7.7, , , , , , , , , , 
2016-2017,609705,FENGER HS,SAT,59,831,424,408,6.8,55.9,37.3,5.1,1.7,6.8,76.3,16.9,6.8,0,6.8
2016-2017,609705,FENGER HS,Combined,168, , , ,6, , , , , , , , , , 
2016-2017,609707,ROBESON HS,PSAT 9,32,663,326,336,0, , , , , , , , , , 
2016-2017,609707,ROBESON HS,PSAT 10,35,761,373,388,8.6, , , , , , , , , , 
2016-2017,609707,ROBESON HS,SAT,37,743,382,361,0,86.5,13.5,0,0,0,94.6,5.4,0,0,0
2016-2017,609707,ROBESON HS,Combined,104, , , ,2.9, , , , , , , , , , 
2016-2017,609708,FOREMAN HS,PSAT 9,182,713,344,368,7.1, , , , , , , , , , 
2016-2017,609708,FOREMAN HS,PSAT 10,184,790,384,406,14.1, , , , , , , , , , 
2016-2017,609708,FOREMAN HS,SAT,186,811,403,408,7,71,26.3,2.2,0.5,2.7,72,23.7,3.8,0.5,4.3
2016-2017,609708,FOREMAN HS,Combined,552, , , ,9.4, , , , , , , , , , 
2016-2017,609709,GAGE PARK HS,PSAT 9,78,729,361,367,12.8, , , , , , , , , , 
2016-2017,609709,GAGE PARK HS,PSAT 10,60,774,384,384,13.3, , , , , , , , , , 
2016-2017,609709,GAGE PARK HS,SAT,72,814,412,403,5.6,62.5,36.1,1.4,0,1.4,81.9,15.3,2.8,0,2.8
2016-2017,609709,GAGE PARK HS,Combined,210, , , ,10.5, , , , , , , , , , 
2016-2017,609710,HARLAN HS,PSAT 9,86,704,344,360,7, , , , , , , , , , 
2016-2017,609710,HARLAN HS,PSAT 10,87,767,376,391,8, , , , , , , , , , 
2016-2017,609710,HARLAN HS,SAT,93,825,426,399,8.6,59.1,32.3,6.5,2.2,8.6,80.6,17.2,2.2,0,2.2
2016-2017,609710,HARLAN HS,Combined,266, , , ,7.9, , , , , , , , , , 
2016-2017,609711,HARPER HS,PSAT 9,39,705,347,357,2.6, , , , , , , , , , 
2016-2017,609711,HARPER HS,PSAT 10,40,756,372,384,2.5, , , , , , , , , , 
2016-2017,609711,HARPER HS,SAT,34,781,405,376,5.9,67.6,29.4,2.9,0,2.9,88.2,8.8,2.9,0,2.9
2016-2017,609711,HARPER HS,Combined,113, , , ,3.5, , , , , , , , , , 
2016-2017,609712,HIRSCH HS,PSAT 9,30,712,340,372,6.7, , , , , , , , , , 
2016-2017,609712,HIRSCH HS,PSAT 10,32,764,381,383,6.3, , , , , , , , , , 
2016-2017,609712,HIRSCH HS,SAT,37,779,405,374,0,67.6,32.4,0,0,0,97.3,2.7,0,0,0
2016-2017,609712,HIRSCH HS,Combined,99, , , ,4, , , , , , , , , , 
2016-2017,609713,HYDE PARK HS,PSAT 9,138,732,362,369,8, , , , , , , , , , 
2016-2017,609713,HYDE PARK HS,PSAT 10,167,767,378,389,7.2, , , , , , , , , , 
2016-2017,609713,HYDE PARK HS,SAT,193,842,429,413,8.3,54.4,40.4,5.2,0,5.2,68.9,27.5,3.6,0,3.6
2016-2017,609713,HYDE PARK HS,Combined,498, , , ,7.8, , , , , , , , , , 
2016-2017,609715,KELLY HS,PSAT 9,454,781,376,405,26, , , , , , , , , , 
2016-2017,609715,KELLY HS,PSAT 10,565,824,403,420,24.4, , , , , , , , , , 
2016-2017,609715,KELLY HS,SAT,375,895,443,453,21.3,44.5,42.9,12,0.5,12.5,48.5,35.2,15.2,1.1,16.3
2016-2017,609715,KELLY HS,Combined,1394, , , ,24.1, , , , , , , , , , 
2016-2017,609716,KELVYN PARK HS,PSAT 9,68,724,354,371,8.8, , , , , , , , , , 
2016-2017,609716,KELVYN PARK HS,PSAT 10,71,789,385,404,14.1, , , , , , , , , , 
2016-2017,609716,KELVYN PARK HS,SAT,101,835,423,412,6.9,60.4,31.7,7.9,0,7.9,70.3,24.8,5,0,5
2016-2017,609716,KELVYN PARK HS,Combined,240, , , ,9.6, , , , , , , , , , 
2016-2017,609718,KENNEDY HS,PSAT 9,391,860,430,430,48.6, , , , , , , , , , 
2016-2017,609718,KENNEDY HS,PSAT 10,389,908,460,448,49.9, , , , , , , , , , 
2016-2017,609718,KENNEDY HS,SAT,384,960,488,473,37.2,26,45.8,25,3.1,28.1,34.9,44.3,20.3,0.5,20.8
2016-2017,609718,KENNEDY HS,Combined,1164, , , ,45.3, , , , , , , , , , 
2016-2017,609719,LAKE VIEW HS,PSAT 9,337,842,412,430,44.8, , , , , , , , , , 
2016-2017,609719,LAKE VIEW HS,PSAT 10,299,862,429,433,34.8, , , , , , , , , , 
2016-2017,609719,LAKE VIEW HS,SAT,316,946,473,472,31,25.3,54.7,18.4,1.6,19.9,36.4,44.9,17.7,0.9,18.7
2016-2017,609719,LAKE VIEW HS,Combined,952, , , ,37.1, , , , , , , , , , 
2016-2017,609720,LANE TECH HS,PSAT 9,945,1081,538,542,97.4, , , , , , , , , , 
2016-2017,609720,LANE TECH HS,PSAT 10,1059,1134,569,565,97.6, , , , , , , , , , 
2016-2017,609720,LANE TECH HS,SAT,930,1223,608,615,96.7,0,12.5,53,34.5,87.5,0.8,11.3,65.1,22.9,88
2016-2017,609720,LANE TECH HS,Combined,2934, , , ,97.2, , , , , , , , , , 
2016-2017,609722,MANLEY HS,PSAT 9,26,656,319,337,0, , , , , , , , , , 
2016-2017,609722,MANLEY HS,PSAT 10,34,741,361,377,0, , , , , , , , , , 
2016-2017,609722,MANLEY HS,SAT,39,799,402,397,2.6,74.4,23.1,2.6,0,2.6,79.5,17.9,2.6,0,2.6
2016-2017,609722,MANLEY HS,Combined,99, , , ,1, , , , , , , , , , 
2016-2017,609723,MARSHALL HS,PSAT 9,65,723,362,361,7.7, , , , , , , , , , 
2016-2017,609723,MARSHALL HS,PSAT 10,80,746,363,380,3.8, , , , , , , , , , 
2016-2017,609723,MARSHALL HS,SAT,90,811,414,397,4.4,65.6,30,4.4,0,4.4,77.8,21.1,1.1,0,1.1
2016-2017,609723,MARSHALL HS,Combined,235, , , ,5.1, , , , , , , , , , 
2016-2017,609724,MATHER HS,PSAT 9,354,803,396,406,31.4, , , , , , , , , , 
2016-2017,609724,MATHER HS,PSAT 10,379,862,423,439,36.9, , , , , , , , , , 
2016-2017,609724,MATHER HS,SAT,349,917,452,465,29.5,39.3,45.8,12.9,2,14.9,41.5,38.1,19.8,0.6,20.3
2016-2017,609724,MATHER HS,Combined,1082, , , ,32.7, , , , , , , , , , 
2016-2017,609725,MORGAN PARK HS,PSAT 9,339,782,387,395,25.1, , , , , , , , , , 
2016-2017,609725,MORGAN PARK HS,PSAT 10,288,844,426,418,26.7, , , , , , , , , , 
2016-2017,609725,MORGAN PARK HS,SAT,297,921,465,456,21.2,28.6,57.2,12.8,1.3,14.1,44.8,45.1,9.4,0.7,10.1
2016-2017,609725,MORGAN PARK HS,Combined,924, , , ,24.4, , , , , , , , , , 
2016-2017,609726,BROOKS HS,PSAT 9,215,989,495,494,92.1, , , , , , , , , , 
2016-2017,609726,BROOKS HS,PSAT 10,190,1008,516,492,88.9, , , , , , , , , , 
2016-2017,609726,BROOKS HS,SAT,181,1133,585,548,91.2,1.7,20.4,55.2,22.7,77.9,2.2,33.1,61.9,2.8,64.6
2016-2017,609726,BROOKS HS,Combined,586, , , ,90.8, , , , , , , , , , 
2016-2017,609727,PHILLIPS HS,PSAT 9,154,749,362,387,14.9, , , , , , , , , , 
2016-2017,609727,PHILLIPS HS,PSAT 10,122,798,389,407,13.9, , , , , , , , , , 
2016-2017,609727,PHILLIPS HS,SAT,138,863,445,419,8.7,37.7,52.9,9.4,0,9.4,68.1,29.7,2.2,0,2.2
2016-2017,609727,PHILLIPS HS,Combined,414, , , ,12.6, , , , , , , , , , 
2016-2017,609728,ROOSEVELT HS,PSAT 9,290,755,368,387,18.3, , , , , , , , , , 
2016-2017,609728,ROOSEVELT HS,PSAT 10,191,812,401,411,17.3, , , , , , , , , , 
2016-2017,609728,ROOSEVELT HS,SAT,243,864,434,429,16,52.3,38.7,8.6,0.4,9.1,60.9,28.4,10.7,0,10.7
2016-2017,609728,ROOSEVELT HS,Combined,724, , , ,17.3, , , , , , , , , , 
2016-2017,609729,SCHURZ HS,PSAT 9,403,760,370,390,19.4, , , , , , , , , , 
2016-2017,609729,SCHURZ HS,PSAT 10,338,827,408,419,21.9, , , , , , , , , , 
2016-2017,609729,SCHURZ HS,SAT,429,865,437,429,14,48.7,42.2,8.9,0.2,9.1,58.5,33.8,7.7,0,7.7
2016-2017,609729,SCHURZ HS,Combined,1170, , , ,18.1, , , , , , , , , , 
2016-2017,609730,SENN HS,PSAT 9,350,875,436,439,55.1, , , , , , , , , , 
2016-2017,609730,SENN HS,PSAT 10,315,872,432,440,37.1, , , , , , , , , , 
2016-2017,609730,SENN HS,SAT,319,964,489,474,38.9,27.3,42.3,24.1,6.3,30.4,37.6,37.3,25.1,0,25.1
2016-2017,609730,SENN HS,Combined,984, , , ,44.1, , , , , , , , , , 
2016-2017,609732,STEINMETZ HS,PSAT 9,310,770,380,390,19.7, , , , , , , , , , 
2016-2017,609732,STEINMETZ HS,PSAT 10,256,806,400,405,19.1, , , , , , , , , , 
2016-2017,609732,STEINMETZ HS,SAT,334,881,446,436,20.4,45.8,38.9,13.2,2.1,15.3,60.5,28.1,11.1,0.3,11.4
2016-2017,609732,STEINMETZ HS,Combined,900, , , ,19.8, , , , , , , , , , 
2016-2017,609733,SULLIVAN HS,PSAT 9,134,757,366,391,17.9, , , , , , , , , , 
2016-2017,609733,SULLIVAN HS,PSAT 10,138,807,396,411,18.1, , , , , , , , , , 
2016-2017,609733,SULLIVAN HS,SAT,109,817,404,413,10.1,67.9,28.4,2.8,0.9,3.7,66.1,28.4,5.5,0,5.5
2016-2017,609733,SULLIVAN HS,Combined,381, , , ,15.7, , , , , , , , , , 
2016-2017,609734,TAFT HS,PSAT 9,762,886,445,442,58.7, , , , , , , , , , 
2016-2017,609734,TAFT HS,PSAT 10,660,913,460,453,52.4, , , , , , , , , , 
2016-2017,609734,TAFT HS,SAT,663,983,500,483,44.8,21,44.5,30,4.5,34.5,33.9,37.7,27,1.4,28.4
2016-2017,609734,TAFT HS,Combined,2085, , , ,52.3, , , , , , , , , , 
2016-2017,609735,TILDEN HS,PSAT 9,56,753,360,392,21.4, , , , , , , , , , 
2016-2017,609735,TILDEN HS,PSAT 10,57,775,374,399,10.5, , , , , , , , , , 
2016-2017,609735,TILDEN HS,SAT,66,817,405,412,4.5,74.2,24.2,1.5,0,1.5,74.2,24.2,1.5,0,1.5
2016-2017,609735,TILDEN HS,Combined,179, , , ,11.7, , , , , , , , , , 
2016-2017,609737,VON STEUBEN HS,PSAT 9,509,924,452,472,67.6, , , , , , , , , , 
2016-2017,609737,VON STEUBEN HS,PSAT 10,422,940,466,473,60.2, , , , , , , , , , 
2016-2017,609737,VON STEUBEN HS,SAT,365,1030,520,510,56.2,12.1,47.1,33.4,7.4,40.8,16.7,48.2,32.6,2.5,35.1
2016-2017,609737,VON STEUBEN HS,Combined,1296, , , ,62, , , , , , , , , , 
2016-2017,609738,LINCOLN PARK HS,PSAT 9,510,956,474,481,77.1, , , , , , , , , , 
2016-2017,609738,LINCOLN PARK HS,PSAT 10,401,1004,507,498,76.1, , , , , , , , , , 
2016-2017,609738,LINCOLN PARK HS,SAT,554,1104,555,549,73.6,5.6,33,45.1,16.2,61.4,11,32.9,47.1,9,56.1
2016-2017,609738,LINCOLN PARK HS,Combined,1465, , , ,75.5, , , , , , , , , , 
2016-2017,609739,WASHINGTON HS,PSAT 9,342,794,397,397,27.2, , , , , , , , , , 
2016-2017,609739,WASHINGTON HS,PSAT 10,346,858,429,429,34.1, , , , , , , , , , 
2016-2017,609739,WASHINGTON HS,SAT,301,905,465,440,20.9,32.9,50.5,15.6,1,16.6,51.2,42.2,6.6,0,6.6
2016-2017,609739,WASHINGTON HS,Combined,989, , , ,27.7, , , , , , , , , , 
2016-2017,609740,WELLS HS,PSAT 9,89,732,362,371,10.1, , , , , , , , , , 
2016-2017,609740,WELLS HS,PSAT 10,43,790,391,400,18.6, , , , , , , , , , 
2016-2017,609740,WELLS HS,SAT,101,815,410,406,5,64.4,32.7,3,0,3,72.3,25.7,2,0,2
2016-2017,609740,WELLS HS,Combined,233, , , ,9.4, , , , , , , , , , 
2016-2017,609741,HUBBARD HS,PSAT 9,406,799,395,404,31.5, , , , , , , , , , 
2016-2017,609741,HUBBARD HS,PSAT 10,463,838,417,421,23.8, , , , , , , , , , 
2016-2017,609741,HUBBARD HS,SAT,436,906,459,447,25.2,37.6,45.6,14.7,2.1,16.7,48.4,37.8,13.3,0.5,13.8
2016-2017,609741,HUBBARD HS,Combined,1305, , , ,26.7, , , , , , , , , , 
2016-2017,609746,KENWOOD HS,PSAT 9,389,920,459,461,70.4, , , , , , , , , , 
2016-2017,609746,KENWOOD HS,PSAT 10,356,981,507,474,71.3, , , , , , , , , , 
2016-2017,609746,KENWOOD HS,SAT,334,1039,530,509,60.2,9.9,45.2,34.7,10.2,44.9,22.5,39.8,35,2.7,37.7
2016-2017,609746,KENWOOD HS,Combined,1079, , , ,67.6, , , , , , , , , , 
2016-2017,609749,NORTHSIDE PREP HS,PSAT 9,277,1175,589,586,99.6, , , , , , , , , , 
2016-2017,609749,NORTHSIDE PREP HS,PSAT 10,276,1238,622,616,98.6, , , , , , , , , , 
2016-2017,609749,NORTHSIDE PREP HS,SAT,238,1329,671,658,99.2,0,2.1,23.5,74.4,97.9,0.4,5,47.1,47.5,94.5
2016-2017,609749,NORTHSIDE PREP HS,Combined,791, , , ,99.1, , , , , , , , , , 
2016-2017,609750,SIMPSON HS,PSAT 9,4, , , , , , , , , , , , , , 
2016-2017,609750,SIMPSON HS,PSAT 10,12,758,372,386,0, , , , , , , , , , 
2016-2017,609750,SIMPSON HS,SAT,7, , , , , , , , , , , , , , 
2016-2017,609750,SIMPSON HS,Combined,23, , , ,17.4, , , , , , , , , , 
2016-2017,609751,KING HS,PSAT 9,133,902,445,457,70.7, , , , , , , , , , 
2016-2017,609751,KING HS,PSAT 10,141,969,494,475,73.8, , , , , , , , , , 
2016-2017,609751,KING HS,SAT,156,1051,538,514,61.5,2.6,48.1,42.3,7.1,49.4,9,60.3,30.1,0.6,30.8
2016-2017,609751,KING HS,Combined,430, , , ,68.4, , , , , , , , , , 
2016-2017,609753,CHICAGO AGRICULTURE HS,PSAT 9,153,901,445,456,58.8, , , , , , , , , , 
2016-2017,609753,CHICAGO AGRICULTURE HS,PSAT 10,161,947,485,462,60.2, , , , , , , , , , 
2016-2017,609753,CHICAGO AGRICULTURE HS,SAT,152,1028,530,498,57.2,7.9,42.8,41.4,7.9,49.3,23,43.4,32.2,1.3,33.6
2016-2017,609753,CHICAGO AGRICULTURE HS,Combined,466, , , ,58.8, , , , , , , , , , 
2016-2017,609754,CHICAGO MILITARY HS,PSAT 9,94,817,388,429,27.7, , , , , , , , , , 
2016-2017,609754,CHICAGO MILITARY HS,PSAT 10,47,810,399,412,14.9, , , , , , , , , , 
2016-2017,609754,CHICAGO MILITARY HS,SAT,83,911,472,439,18.1,20.5,62.7,15.7,1.2,16.9,55.4,39.8,4.8,0,4.8
2016-2017,609754,CHICAGO MILITARY HS,Combined,224, , , ,21.4, , , , , , , , , , 
2016-2017,609755,YOUNG HS,PSAT 9,459,1132,560,572,98, , , , , , , , , , 
2016-2017,609755,YOUNG HS,PSAT 10,425,1188,598,590,97.4, , , , , , , , , , 
2016-2017,609755,YOUNG HS,SAT,424,1290,643,647,96.9,1.4,5.4,35.4,57.8,93.2,2.1,6.4,50.2,41.3,91.5
2016-2017,609755,YOUNG HS,Combined,1308, , , ,97.5, , , , , , , , , , 
2016-2017,609756,CURIE HS,PSAT 9,687,805,394,412,31.6, , , , , , , , , , 
2016-2017,609756,CURIE HS,PSAT 10,671,849,420,428,29.8, , , , , , , , , , 
2016-2017,609756,CURIE HS,SAT,773,914,458,456,25.2,37.5,47.2,14.1,1.2,15.3,48.9,34.5,15.1,1.4,16.6
2016-2017,609756,CURIE HS,Combined,2131, , , ,28.7, , , , , , , , , , 
2016-2017,609759,CLEMENTE HS,PSAT 9,169,766,382,384,24.9, , , , , , , , , , 
2016-2017,609759,CLEMENTE HS,PSAT 10,191,801,401,399,21.5, , , , , , , , , , 
2016-2017,609759,CLEMENTE HS,SAT,192,865,443,422,11.5,43.8,50,4.7,1.6,6.3,68.8,26.6,4.2,0.5,4.7
2016-2017,609759,CLEMENTE HS,Combined,552, , , ,19, , , , , , , , , , 
2016-2017,609760,CARVER MILITARY HS,PSAT 9,147,841,409,432,44.9, , , , , , , , , , 
2016-2017,609760,CARVER MILITARY HS,PSAT 10,114,864,432,432,27.2, , , , , , , , , , 
2016-2017,609760,CARVER MILITARY HS,SAT,115,949,480,469,26.1,18.3,63.5,17.4,0.9,18.3,36.5,47.8,15.7,0,15.7
2016-2017,609760,CARVER MILITARY HS,Combined,376, , , ,33.8, , , , , , , , , , 
2016-2017,609761,CORLISS HS,PSAT 9,43,713,347,367,0, , , , , , , , , , 
2016-2017,609761,CORLISS HS,PSAT 10,82,790,395,395,15.9, , , , , , , , , , 
2016-2017,609761,CORLISS HS,SAT,88,799,408,391,6.8,67,31.8,1.1,0,1.1,83,14.8,2.3,0,2.3
2016-2017,609761,CORLISS HS,Combined,213, , , ,8.9, , , , , , , , , , 
2016-2017,609762,JULIAN HS,PSAT 9,122,717,358,359,6.6, , , , , , , , , , 
2016-2017,609762,JULIAN HS,PSAT 10,151,766,385,381,10.6, , , , , , , , , , 
2016-2017,609762,JULIAN HS,SAT,113,823,426,397,5.3,57.5,37.2,5.3,0,5.3,73.5,24.8,1.8,0,1.8
2016-2017,609762,JULIAN HS,Combined,386, , , ,7.8, , , , , , , , , , 
2016-2017,609764,JUAREZ HS,PSAT 9,338,811,399,412,35.2, , , , , , , , , , 
2016-2017,609764,JUAREZ HS,PSAT 10,322,826,411,415,22.7, , , , , , , , , , 
2016-2017,609764,JUAREZ HS,SAT,362,885,447,438,19.6,41.7,45.6,11.6,1.1,12.7,50.6,42,7.5,0,7.5
2016-2017,609764,JUAREZ HS,Combined,1022, , , ,25.7, , , , , , , , , , 
2016-2017,609768,HOPE HS,PSAT 9,19,712,343,369,5.3, , , , , , , , , , 
2016-2017,609768,HOPE HS,PSAT 10,21,775,383,391,9.5, , , , , , , , , , 
2016-2017,609768,HOPE HS,SAT,24,790,397,393,0,75,25,0,0,0,75,25,0,0,0
2016-2017,609768,HOPE HS,Combined,64, , , ,4.7, , , , , , , , , , 
2016-2017,609780,MARINE LEADERSHIP AT AMES HS,PSAT 9,168,804,395,410,30.4, , , , , , , , , , 
2016-2017,609780,MARINE LEADERSHIP AT AMES HS,PSAT 10,182,846,419,427,26.4, , , , , , , , , , 
2016-2017,609780,MARINE LEADERSHIP AT AMES HS,SAT,108,942,460,481,27.8,31.5,55.6,12,0.9,13,27.8,55.6,16.7,0,16.7
2016-2017,609780,MARINE LEADERSHIP AT AMES HS,Combined,458, , , ,28.2, , , , , , , , , , 
2016-2017,610244,CLARK HS,PSAT 9,148,749,374,375,12.8, , , , , , , , , , 
2016-2017,610244,CLARK HS,PSAT 10,120,814,407,407,27.5, , , , , , , , , , 
2016-2017,610244,CLARK HS,SAT,108,859,444,416,5.6,38.9,56.5,4.6,0,4.6,67.6,31.5,0.9,0,0.9
2016-2017,610244,CLARK HS,Combined,376, , , ,15.4, , , , , , , , , , 
2016-2017,610245,DOUGLASS HS,PSAT 9,25,698,338,360,8, , , , , , , , , , 
2016-2017,610245,DOUGLASS HS,PSAT 10,33,737,359,378,0, , , , , , , , , , 
2016-2017,610245,DOUGLASS HS,SAT,41,751,381,370,2.4,92.7,4.9,0,2.4,2.4,90.2,7.3,2.4,0,2.4
2016-2017,610245,DOUGLASS HS,Combined,99, , , ,3, , , , , , , , , , 
2016-2017,610304,PHOENIX MILITARY HS,PSAT 9,150,872,419,453,54.7, , , , , , , , , , 
2016-2017,610304,PHOENIX MILITARY HS,PSAT 10,136,915,461,454,53.7, , , , , , , , , , 
2016-2017,610304,PHOENIX MILITARY HS,SAT,107,1055,541,514,65.4,1.9,45.8,43,9.3,52.3,16.8,46.7,35.5,0.9,36.4
2016-2017,610304,PHOENIX MILITARY HS,Combined,393, , , ,57.3, , , , , , , , , , 
2016-2017,610323,BOWEN HS,PSAT 9,58,739,360,377,8.6, , , , , , , , , , 
2016-2017,610323,BOWEN HS,PSAT 10,82,779,383,395,11, , , , , , , , , , 
2016-2017,610323,BOWEN HS,SAT,66,804,407,397,3,68.2,31.8,0,0,0,75.8,24.2,0,0,0
2016-2017,610323,BOWEN HS,Combined,206, , , ,7.8, , , , , , , , , , 
2016-2017,610334,RABY HS,PSAT 9,87,727,351,376,3.4, , , , , , , , , , 
2016-2017,610334,RABY HS,PSAT 10,88,768,378,390,9.1, , , , , , , , , , 
2016-2017,610334,RABY HS,SAT,80,796,404,391,2.5,72.5,26.3,1.3,0,1.3,83.8,15,1.3,0,1.3
2016-2017,610334,RABY HS,Combined,255, , , ,5.1, , , , , , , , , , 
2016-2017,610340,CHICAGO ACADEMY HS,PSAT 9,137,825,411,412,39.4, , , , , , , , , , 
2016-2017,610340,CHICAGO ACADEMY HS,PSAT 10,134,868,432,434,35.8, , , , , , , , , , 
2016-2017,610340,CHICAGO ACADEMY HS,SAT,132,949,474,475,34.8,30.3,46.2,22.7,0.8,23.5,32.6,44.7,22,0.8,22.7
2016-2017,610340,CHICAGO ACADEMY HS,Combined,403, , , ,36.7, , , , , , , , , , 
2016-2017,610357,SPRY HS,PSAT 9,35,775,387,387,31.4, , , , , , , , , , 
2016-2017,610357,SPRY HS,PSAT 10,38,803,394,409,10.5, , , , , , , , , , 
2016-2017,610357,SPRY HS,SAT,53,907,448,459,24.5,34,58.5,7.5,0,7.5,43.4,39.6,17,0,17
2016-2017,610357,SPRY HS,Combined,126, , , ,22.2, , , , , , , , , , 
2016-2017,610380,WILLIAMS HS,PSAT 9,48,771,380,391,14.6, , , , , , , , , , 
2016-2017,610380,WILLIAMS HS,PSAT 10,63,822,421,400,14.3, , , , , , , , , , 
2016-2017,610380,WILLIAMS HS,SAT,67,868,445,423,10.4,38.8,55.2,6,0,6,64.2,34.3,1.5,0,1.5
2016-2017,610380,WILLIAMS HS,Combined,178, , , ,12.9, , , , , , , , , , 
2016-2017,610381,BRONZEVILLE HS,PSAT 9,51,750,356,395,7.8, , , , , , , , , , 
2016-2017,610381,BRONZEVILLE HS,PSAT 10,97,767,373,394,7.2, , , , , , , , , , 
2016-2017,610381,BRONZEVILLE HS,SAT,94,848,426,422,4.3,51.1,45.7,3.2,0,3.2,62.8,36.2,1.1,0,1.1
2016-2017,610381,BRONZEVILLE HS,Combined,242, , , ,6.2, , , , , , , , , , 
2016-2017,610383,SOCIAL JUSTICE HS,PSAT 9,50,800,393,407,30, , , , , , , , , , 
2016-2017,610383,SOCIAL JUSTICE HS,PSAT 10,82,830,420,411,23.2, , , , , , , , , , 
2016-2017,610383,SOCIAL JUSTICE HS,SAT,59,840,417,423,10.2,54.2,40.7,5.1,0,5.1,69.5,25.4,5.1,0,5.1
2016-2017,610383,SOCIAL JUSTICE HS,Combined,191, , , ,20.9, , , , , , , , , , 
2016-2017,610384,INFINITY HS,PSAT 9,100,842,402,440,41, , , , , , , , , , 
2016-2017,610384,INFINITY HS,PSAT 10,115,884,432,452,40.9, , , , , , , , , , 
2016-2017,610384,INFINITY HS,SAT,102,947,460,487,33.3,35.3,47.1,17.6,0,17.6,30.4,45.1,24.5,0,24.5
2016-2017,610384,INFINITY HS,Combined,317, , , ,38.5, , , , , , , , , , 
2016-2017,610385,MULTICULTURAL HS,PSAT 9,42,740,361,379,14.3, , , , , , , , , , 
2016-2017,610385,MULTICULTURAL HS,PSAT 10,71,786,381,405,7, , , , , , , , , , 
2016-2017,610385,MULTICULTURAL HS,SAT,50,828,415,413,6,62,34,4,0,4,68,28,4,0,4
2016-2017,610385,MULTICULTURAL HS,Combined,163, , , ,8.6, , , , , , , , , , 
2016-2017,610386,PEACE AND EDUCATION HS,SAT,31,778,400,378,0,83.9,16.1,0,0,0,93.5,6.5,0,0,0
2016-2017,610386,PEACE AND EDUCATION HS,Combined,31, , , ,0, , , , , , , , , , 
2016-2017,610389,ORR HS,PSAT 9,66,706,343,363,6.1, , , , , , , , , , 
2016-2017,610389,ORR HS,PSAT 10,73,737,362,372,0, , , , , , , , , , 
2016-2017,610389,ORR HS,SAT,77,784,396,388,3.9,79.2,18.2,2.6,0,2.6,85.7,11.7,2.6,0,2.6
2016-2017,610389,ORR HS,Combined,216, , , ,3.2, , , , , , , , , , 
2016-2017,610390,RICKOVER MILITARY HS,PSAT 9,145,803,393,409,33.1, , , , , , , , , , 
2016-2017,610390,RICKOVER MILITARY HS,PSAT 10,125,849,424,425,32, , , , , , , , , , 
2016-2017,610390,RICKOVER MILITARY HS,SAT,173,951,485,465,27.7,22.5,54.9,20.2,2.3,22.5,35.8,48.6,15,0.6,15.6
2016-2017,610390,RICKOVER MILITARY HS,Combined,443, , , ,30.7, , , , , , , , , , 
2016-2017,610391,LINDBLOM HS,PSAT 9,260,965,479,487,88.8, , , , , , , , , , 
2016-2017,610391,LINDBLOM HS,PSAT 10,275,1010,506,504,83.3, , , , , , , , , , 
2016-2017,610391,LINDBLOM HS,SAT,244,1121,572,549,86.5,0.8,24.6,58.6,16,74.6,3.3,41.8,49.6,5.3,54.9
2016-2017,610391,LINDBLOM HS,Combined,779, , , ,86.1, , , , , , , , , , 
2016-2017,610392,WORLD LANGUAGE HS,PSAT 9,98,757,369,388,13.3, , , , , , , , , , 
2016-2017,610392,WORLD LANGUAGE HS,PSAT 10,81,849,425,423,28.4, , , , , , , , , , 
2016-2017,610392,WORLD LANGUAGE HS,SAT,72,874,453,421,13.9,36.1,51.4,12.5,0,12.5,68.1,30.6,1.4,0,1.4
2016-2017,610392,WORLD LANGUAGE HS,Combined,251, , , ,18.3, , , , , , , , , , 
2016-2017,610394,UPLIFT HS,PSAT 9,54,687,343,343,5.6, , , , , , , , , , 
2016-2017,610394,UPLIFT HS,PSAT 10,61,797,393,402,14.8, , , , , , , , , , 
2016-2017,610394,UPLIFT HS,SAT,53,835,430,405,9.4,54.7,34,9.4,1.9,11.3,73.6,24.5,1.9,0,1.9
2016-2017,610394,UPLIFT HS,Combined,168, , , ,10.1, , , , , , , , , , 
2016-2017,610402,DEVRY HS,SAT,91,1071,540,530,74.7,4.4,40.7,45.1,9.9,54.9,9.9,45.1,44,1.1,45.1
2016-2017,610402,DEVRY HS,Combined,91, , , ,74.7, , , , , , , , , , 
2016-2017,610495,DUAL ENR OSS SCHOOLS,SAT,3, , , , , , , , , , , , , , 
2016-2017,610495,DUAL ENR OSS SCHOOLS,Combined,3, , , , , , , , , , , , , , 
2016-2017,610497,CITYWIDE OSS SCHOOLS,SAT,20,775,398,378,10,70,25,5,0,5,80,20,0,0,0
2016-2017,610497,CITYWIDE OSS SCHOOLS,Combined,20, , , ,10, , , , , , , , , , 
2016-2017,610499,COLLINS HS,PSAT 9,56,713,355,358,10.7, , , , , , , , , , 
2016-2017,610499,COLLINS HS,PSAT 10,61,765,377,388,4.9, , , , , , , , , , 
2016-2017,610499,COLLINS HS,SAT,77,801,401,400,1.3,76.6,23.4,0,0,0,77.9,22.1,0,0,0
2016-2017,610499,COLLINS HS,Combined,194, , , ,5.2, , , , , , , , , , 
2016-2017,610506,TEAM HS,PSAT 9,17,679,321,358,0, , , , , , , , , , 
2016-2017,610506,TEAM HS,PSAT 10,30,724,347,377,0, , , , , , , , , , 
2016-2017,610506,TEAM HS,SAT,40,778,394,385,5,80,15,5,0,5,80,17.5,2.5,0,2.5
2016-2017,610506,TEAM HS,Combined,87, , , ,2.3, , , , , , , , , , 
2016-2017,610513,AIR FORCE HS,PSAT 9,93,792,393,399,23.7, , , , , , , , , , 
2016-2017,610513,AIR FORCE HS,PSAT 10,78,803,391,412,12.8, , , , , , , , , , 
2016-2017,610513,AIR FORCE HS,SAT,85,916,455,461,18.8,37.6,45.9,15.3,1.2,16.5,37.6,51.8,9.4,1.2,10.6
2016-2017,610513,AIR FORCE HS,Combined,256, , , ,18.8, , , , , , , , , , 
2016-2017,610518,AUSTIN CCA HS,PSAT 9,41,698,345,348,4.9, , , , , , , , , , 
2016-2017,610518,AUSTIN CCA HS,PSAT 10,44,749,368,382,2.3, , , , , , , , , , 
2016-2017,610518,AUSTIN CCA HS,SAT,69,802,406,396,4.3,71,21.7,5.8,1.4,7.2,81.2,15.9,2.9,0,2.9
2016-2017,610518,AUSTIN CCA HS,Combined,154, , , ,3.9, , , , , , , , , , 
2016-2017,610524,ALCOTT HS,PSAT 9,93,810,405,404,30.1, , , , , , , , , , 
2016-2017,610524,ALCOTT HS,PSAT 10,85,817,402,415,20, , , , , , , , , , 
2016-2017,610524,ALCOTT HS,SAT,64,966,482,484,35.9,25,51.6,17.2,6.3,23.4,32.8,46.9,20.3,0,20.3
2016-2017,610524,ALCOTT HS,Combined,242, , , ,28.1, , , , , , , , , , 
2016-2017,610529,OGDEN HS,PSAT 9,112,891,441,450,68.8, , , , , , , , , , 
2016-2017,610529,OGDEN HS,PSAT 10,78,875,432,440,41, , , , , , , , , , 
2016-2017,610529,OGDEN HS,SAT,91,1012,516,496,50.5,9.9,50.5,33,6.6,39.6,25.3,44,30.8,0,30.8
2016-2017,610529,OGDEN HS,Combined,281, , , ,55.2, , , , , , , , , , 
2016-2017,610543,SOLORIO HS,PSAT 9,275,875,422,452,57.1, , , , , , , , , , 
2016-2017,610543,SOLORIO HS,PSAT 10,272,913,448,464,50, , , , , , , , , , 
2016-2017,610543,SOLORIO HS,SAT,291,993,493,500,45,22.3,46.7,27.8,3.1,30.9,27.8,37.8,28.5,5.8,34.4
2016-2017,610543,SOLORIO HS,Combined,838, , , ,50.6, , , , , , , , , , 
2016-2017,610547,SOUTH SHORE INTL HS,PSAT 9,161,843,420,423,42.9, , , , , , , , , , 
2016-2017,610547,SOUTH SHORE INTL HS,PSAT 10,135,869,443,427,26.7, , , , , , , , , , 
2016-2017,610547,SOUTH SHORE INTL HS,SAT,122,934,483,451,25.4,18.9,62.3,18.9,0,18.9,48.4,43.4,8.2,0,8.2
2016-2017,610547,SOUTH SHORE INTL HS,Combined,418, , , ,32.5, , , , , , , , , , 
2016-2017,610555,BANNER WEST HS,SAT,20,714,364,350,0,90,10,0,0,0,95,5,0,0,0
2016-2017,610555,BANNER WEST HS,Combined,20, , , ,0, , , , , , , , , , 
2016-2017,610557,PATHWAYS - ASHBURN HS,SAT,54,829,433,396,5.6,42.6,51.9,3.7,1.9,5.6,83.3,14.8,1.9,0,1.9
2016-2017,610557,PATHWAYS - ASHBURN HS,Combined,54, , , ,5.6, , , , , , , , , , 
2016-2017,610558,GOODE HS,PSAT 9,230,783,378,405,25.7, , , , , , , , , , 
2016-2017,610558,GOODE HS,PSAT 10,198,833,413,419,25.8, , , , , , , , , , 
2016-2017,610558,GOODE HS,SAT,174,899,454,444,21.8,33.3,55.2,10.9,0.6,11.5,47.1,43.7,9.2,0,9.2
2016-2017,610558,GOODE HS,Combined,602, , , ,24.6, , , , , , , , , , 
2016-2017,610561,CRANE MEDICAL HS,PSAT 9,139,821,401,420,36.7, , , , , , , , , , 
2016-2017,610561,CRANE MEDICAL HS,PSAT 10,147,868,430,438,32, , , , , , , , , , 
2016-2017,610561,CRANE MEDICAL HS,SAT,131,949,482,467,35.1,20.6,58,19.8,1.5,21.4,39.7,45,15.3,0,15.3
2016-2017,610561,CRANE MEDICAL HS,Combined,417, , , ,34.5, , , , , , , , , , 
2016-2017,610563,BACK OF THE YARDS HS,PSAT 9,273,881,421,459,58.2, , , , , , , , , , 
2016-2017,610563,BACK OF THE YARDS HS,PSAT 10,252,915,443,472,52.4, , , , , , , , , , 
2016-2017,610563,BACK OF THE YARDS HS,SAT,261,992,492,501,46.7,17.2,55.2,24.5,3.1,27.6,22.6,45.6,29.1,2.7,31.8
2016-2017,610563,BACK OF THE YARDS HS,Combined,786, , , ,52.5, , , , , , , , , , 
2016-2017,610564,DISNEY II HS,PSAT 9,133,869,439,430,54.1, , , , , , , , , , 
2016-2017,610564,DISNEY II HS,PSAT 10,102,899,461,438,44.1, , , , , , , , , , 
2016-2017,610564,DISNEY II HS,SAT,108,959,493,466,35.2,13.9,62,19.4,4.6,24.1,35.2,50.9,13.9,0,13.9
2016-2017,610564,DISNEY II HS,Combined,343, , , ,45.2, , , , , , , , , , 
2016-2017,610565,CAMELOT - EXCEL ENGLEWOOD HS,SAT,34,742,380,362,0,85.3,14.7,0,0,0,100,0,0,0,0
2016-2017,610565,CAMELOT - EXCEL ENGLEWOOD HS,Combined,34, , , ,0, , , , , , , , , , 
2016-2017,610566,BRIDGESCAPE - LAWNDALE HS,SAT,30,810,418,392,0,50,46.7,3.3,0,3.3,90,10,0,0,0
2016-2017,610566,BRIDGESCAPE - LAWNDALE HS,Combined,30, , , ,0, , , , , , , , , , 
2016-2017,610567,BRIDGESCAPE - ROSELAND HS,SAT,42,783,398,385,4.8,71.4,23.8,4.8,0,4.8,81,19,0,0,0
2016-2017,610567,BRIDGESCAPE - ROSELAND HS,Combined,42, , , ,4.8, , , , , , , , , , 
2016-2017,610568,PATHWAYS - AVONDALE HS,SAT,53,836,441,396,15.1,56.6,26.4,15.1,1.9,17,75.5,22.6,1.9,0,1.9
2016-2017,610568,PATHWAYS - AVONDALE HS,Combined,53, , , ,15.1, , , , , , , , , , 
2016-2017,610569,OMBUDSMAN - NORTHWEST HS,PSAT 9,22,722,347,365,9.1, , , , , , , , , , 
2016-2017,610569,OMBUDSMAN - NORTHWEST HS,PSAT 10,35,820,417,403,22.9, , , , , , , , , , 
2016-2017,610569,OMBUDSMAN - NORTHWEST HS,SAT,26,864,458,405,15.4,30.8,50,15.4,3.8,19.2,61.5,38.5,0,0,0
2016-2017,610569,OMBUDSMAN - NORTHWEST HS,Combined,83, , , ,16.9, , , , , , , , , , 
2016-2017,610570,OMBUDSMAN - SOUTH HS,SAT,36,783,396,388,0,80.6,19.4,0,0,0,80.6,19.4,0,0,0
2016-2017,610570,OMBUDSMAN - SOUTH HS,Combined,36, , , ,0, , , , , , , , , , 
2016-2017,610571,OMBUDSMAN - WEST HS,SAT,57,816,415,402,7,75.4,17.5,7,0,7,75.4,21.1,3.5,0,3.5
2016-2017,610571,OMBUDSMAN - WEST HS,Combined,57, , , ,7, , , , , , , , , , 
2016-2017,610573,CAMELOT - SAFE HS,SAT,4, , , , , , , , , , , , , , 
2016-2017,610573,CAMELOT - SAFE HS,Combined,4, , , , , , , , , , , , , , 
2016-2017,610580,BRIDGESCAPE - HUMBOLDT PARK HS,SAT,48,809,416,393,8.3,60.4,37.5,2.1,0,2.1,72.9,25,2.1,0,2.1
2016-2017,610580,BRIDGESCAPE - HUMBOLDT PARK HS,Combined,48, , , ,8.3, , , , , , , , , , 
2016-2017,610581,BRIDGESCAPE - BRAINERD HS,SAT,30,779,407,372,0,70,30,0,0,0,93.3,6.7,0,0,0
2016-2017,610581,BRIDGESCAPE - BRAINERD HS,Combined,30, , , ,0, , , , , , , , , , 
2016-2017,610582,MAGIC JOHNSON - ENGLEWOOD HS,SAT,15,771,406,365,6.7,60,33.3,6.7,0,6.7,86.7,13.3,0,0,0
2016-2017,610582,MAGIC JOHNSON - ENGLEWOOD HS,Combined,15, , , ,6.7, , , , , , , , , , 
2016-2017,610585,CAMELOT SAFE - GARFIELD HS,SAT,2, , , , , , , , , , , , , , 
2016-2017,610585,CAMELOT SAFE - GARFIELD HS,Combined,2, , , , , , , , , , , , , , 
2016-2017,610587,DYETT ARTS HS,PSAT 9,142,758,384,374,14.1, , , , , , , , , , 
2016-2017,610587,DYETT ARTS HS,Combined,142, , , ,14.1, , , , , , , , , , 
2016-2017,800003,BEACON THERAPEUTIC HS,SAT,2, , , , , , , , , , , , , , 
2016-2017,800003,BEACON THERAPEUTIC HS,Combined,2, , , , , , , , , , , , , , 
2016-2017,800008,HILLSIDE ACAD EAST THERAPEUTIC HS,SAT,4, , , , , , , , , , , , , , 
2016-2017,800008,HILLSIDE ACAD EAST THERAPEUTIC HS,Combined,4, , , , , , , , , , , , , , 
2016-2017,800011,JEWISH CHILD FAMILY THERAPEUTIC HS,SAT,5, , , , , , , , , , , , , , 
2016-2017,800011,JEWISH CHILD FAMILY THERAPEUTIC HS,Combined,5, , , , , , , , , , , , , , 
2016-2017,800012,LAWRENCE HALL THERAPEUTIC HS,SAT,7, , , , , , , , , , , , , , 
2016-2017,800012,LAWRENCE HALL THERAPEUTIC HS,Combined,7, , , , , , , , , , , , , , 
2016-2017,800014,SOUTH CENTRAL THERAPEUTIC HS,SAT,1, , , , , , , , , , , , , , 
2016-2017,800014,SOUTH CENTRAL THERAPEUTIC HS,Combined,1, , , , , , , , , , , , , , 
2016-2017,800016,UCAN THERAPEUTIC HS,SAT,6, , , , , , , , , , , , , , 
2016-2017,800016,UCAN THERAPEUTIC HS,Combined,6, , , , , , , , , , , , , , 
2016-2017,800022,MENTA HS,SAT,4, , , , , , , , , , , , , , 
2016-2017,800022,MENTA HS,Combined,4, , , , , , , , , , , , , , 
