School ID,School Name,Network, Total ,WhiteNo,WhitePct,African AmericanNo,African AmericanPct,Asian/ Pacific Islander (Retired)No,Asian/ Pacific Islander (Retired)Pct,"Native American/AlaskanNo","Native American/AlaskanPct",HispanicNo,HispanicPct,Mulit-RacialNo,Mulit-RacialPct,AsianNo,AsianPct,"Hawaiian/Pacific IslanderNo","Hawaiian/Pacific IslanderPct","Not AvailableNo","Not AvailablePct"
,District Total,," 371,382 ","37,933",10.2,"137,495",37.0,13,0.0,"1,144",0.3,"173,790",46.8,"4,185",1.1,"15,113",4.1,627,0.2,"1,082",0.3
610212,Albany Park Multicultural Academy,Network 1, 290 ,16,5.5,16,5.5,0,0.0,3,1.0,227,78.3,4,1.4,24,8.3,0,0.0,0,0.0
610209,Alessandro Volta Elementary School,Network 1, 894 ,59,6.6,27,3.0,0,0.0,0,0.0,581,65.0,5,0.6,221,24.7,1,0.1,0,0.0
609836,Arthur E Canty Elementary School,Network 1, 859 ,445,51.8,13,1.5,0,0.0,3,0.3,351,40.9,16,1.9,29,3.4,2,0.2,0,0.0
609729,Carl Schurz High School,Network 1," 1,739 ",92,5.3,178,10.2,0,0.0,7,0.4,1419,81.6,17,1.0,23,1.3,3,0.2,0,0.0
610083,Daniel C Beard Elementary School,Network 1, 185 ,71,38.4,6,3.2,0,0.0,2,1.1,83,44.9,6,3.2,16,8.6,1,0.5,0,0.0
610564,Disney II Magnet High School,Network 1, 711 ,162,22.8,139,19.5,0,0.0,3,0.4,363,51.1,15,2.1,26,3.7,3,0.4,0,0.0
610515,Disney II Magnet School,Network 1, 432 ,192,44.4,38,8.8,0,0.0,3,0.7,159,36.8,10,2.3,28,6.5,2,0.5,0,0.0
609901,Edgebrook Elementary School,Network 1, 509 ,340,66.8,11,2.2,0,0.0,2,0.4,72,14.1,33,6.5,49,9.6,2,0.4,0,0.0
610523,Edison Park Elementary School,Network 1, 541 ,386,71.3,6,1.1,0,0.0,1,0.2,111,20.5,6,1.1,31,5.7,0,0.0,0,0.0
610137,Ernst Prussing Elementary School,Network 1, 738 ,340,46.1,17,2.3,0,0.0,4,0.5,307,41.6,9,1.2,52,7.0,8,1.1,1,0.1
609874,Everett McKinley Dirksen Elementary School,Network 1, 926 ,654,70.6,23,2.5,0,0.0,1,0.1,93,10.0,4,0.4,115,12.4,4,0.4,32,3.5
610163,Frederick Stock Elementary School,Network 1, 234 ,175,74.8,1,0.4,0,0.0,0,0.0,38,16.2,0,0.0,18,7.7,1,0.4,1,0.4
609737,Friedrich W von Steuben Metropolitan Science HS,Network 1," 1,726 ",282,16.3,190,11.0,0,0.0,10,0.6,987,57.2,33,1.9,221,12.8,3,0.2,0,0.0
609857,Grover Cleveland Elementary School,Network 1, 560 ,37,6.6,19,3.4,0,0.0,9,1.6,456,81.4,5,0.9,33,5.9,1,0.2,0,0.0
610182,Hannah G Solomon Elementary School,Network 1, 349 ,143,41.0,18,5.2,0,0.0,0,0.0,48,13.8,8,2.3,132,37.8,0,0.0,0,0.0
609972,Helge A Haugan Elementary School,Network 1, 906 ,56,6.2,38,4.2,0,0.0,2,0.2,758,83.7,5,0.6,46,5.1,1,0.1,0,0.0
609798,Hiram H Belding Elementary School,Network 1, 580 ,250,43.1,22,3.8,0,0.0,3,0.5,251,43.3,19,3.3,22,3.8,13,2.2,0,0.0
609766,Jacqueline B Vaughn Occupational High School,Network 1, 230 ,48,20.9,49,21.3,0,0.0,0,0.0,127,55.2,1,0.4,5,2.2,0,0.0,0,0.0
609912,James B Farnsworth Elementary School,Network 1, 604 ,243,40.2,11,1.8,0,0.0,1,0.2,244,40.4,6,1.0,96,15.9,3,0.5,0,0.0
609796,Jean Baptiste Beaubien Elementary School,Network 1," 1,100 ",418,38.0,25,2.3,0,0.0,3,0.3,405,36.8,64,5.8,177,16.1,8,0.7,0,0.0
610089,John B Murphy Elementary School,Network 1, 521 ,76,14.6,14,2.7,0,0.0,2,0.4,395,75.8,18,3.5,15,2.9,1,0.2,0,0.0
610111,John Palmer Elementary School,Network 1, 806 ,243,30.1,5,0.6,0,0.0,2,0.2,381,47.3,8,1.0,127,15.8,40,5.0,0,0.0
609937,John W Garvy Elementary School,Network 1, 831 ,493,59.3,6,0.7,0,0.0,4,0.5,238,28.6,20,2.4,45,5.4,25,3.0,0,0.0
610159,Jonathan Y Scammon Elementary School,Network 1, 745 ,45,6.0,14,1.9,0,0.0,15,2.0,653,87.7,2,0.3,9,1.2,7,0.9,0,0.0
610127,Mary Gage Peterson Elementary School,Network 1, 890 ,238,26.7,48,5.4,0,0.0,4,0.4,336,37.8,26,2.9,232,26.1,2,0.2,4,0.4
609792,Newton Bateman Elementary School,Network 1," 1,008 ",110,10.9,28,2.8,0,0.0,6,0.6,807,80.1,12,1.2,42,4.2,3,0.3,0,0.0
609810,Norman A Bridge Elementary School,Network 1," 1,116 ",433,38.8,19,1.7,0,0.0,4,0.4,587,52.6,24,2.2,45,4.0,3,0.3,1,0.1
610354,North River Elementary School,Network 1, 325 ,16,4.9,5,1.5,0,0.0,2,0.6,288,88.6,2,0.6,8,2.5,4,1.2,0,0.0
609749,Northside College Preparatory High School,Network 1," 1,061 ",311,29.3,77,7.3,3,0.3,5,0.5,316,29.8,46,4.3,209,19.7,2,0.2,92,8.7
609744,Northside Learning Center High School,Network 1, 230 ,46,20.0,52,22.6,0,0.0,2,0.9,116,50.4,4,1.7,10,4.3,0,0.0,0,0.0
610099,Norwood Park Elementary School,Network 1, 436 ,250,57.3,6,1.4,0,0.0,2,0.5,140,32.1,16,3.7,22,5.0,0,0.0,0,0.0
610105,Oriole Park Elementary School,Network 1, 751 ,520,69.2,14,1.9,0,0.0,1,0.1,150,20.0,9,1.2,56,7.5,1,0.1,0,0.0
609988,Patrick Henry Elementary School,Network 1, 526 ,39,7.4,22,4.2,0,0.0,10,1.9,440,83.7,4,0.8,9,1.7,2,0.4,0,0.0
610145,Peter A Reinberg Elementary School,Network 1, 802 ,153,19.1,19,2.4,0,0.0,6,0.7,583,72.7,14,1.8,26,3.2,1,0.1,0,0.0
610135,Portage Park Elementary School,Network 1, 951 ,267,28.1,23,2.4,0,0.0,25,2.6,592,62.3,10,1.1,23,2.4,11,1.2,0,0.0
609995,Rufus M Hitch Elementary School,Network 1, 567 ,232,40.9,6,1.1,0,0.0,1,0.2,250,44.1,26,4.6,45,7.9,0,0.0,7,1.2
610155,Sauganash Elementary School,Network 1, 604 ,312,51.7,16,2.6,0,0.0,1,0.2,132,21.9,16,2.7,126,20.9,1,0.2,0,0.0
609728,Theodore Roosevelt High School,Network 1," 1,099 ",63,5.7,163,14.8,0,0.0,14,1.3,757,68.9,10,0.9,82,7.5,10,0.9,0,0.0
609794,Thomas A Edison Regional Gifted Center ES,Network 1, 271 ,158,58.3,10,3.7,0,0.0,1,0.4,23,8.5,28,10.3,51,18.8,0,0.0,0,0.0
610230,Wildwood IB World Magnet School,Network 1, 494 ,310,62.8,19,3.8,0,0.0,0,0.0,97,19.6,18,3.6,46,9.3,4,0.8,0,0.0
609884,William E Dever Elementary School,Network 1, 781 ,295,37.8,17,2.2,0,0.0,0,0.0,388,49.7,10,1.3,37,4.7,3,0.4,31,4.0
609994,William G Hibbard Elementary School,Network 1, 988 ,54,5.5,47,4.8,0,0.0,8,0.8,803,81.3,12,1.2,64,6.5,0,0.0,0,0.0
609734,William Howard Taft High School,Network 1," 3,372 ",1564,46.4,79,2.3,0,0.0,9,0.3,1329,39.4,80,2.4,246,7.3,5,0.1,60,1.8
610104,William J Onahan Elementary School,Network 1, 659 ,416,63.1,6,0.9,0,0.0,7,1.1,192,29.1,18,2.7,19,2.9,1,0.2,0,0.0
609949,William P Gray Elementary School,Network 1," 1,160 ",92,7.9,23,2.0,0,0.0,8,0.7,1004,86.6,9,0.8,23,2.0,1,0.1,0,0.0
609804,Daniel Boone Elementary School,Network 2, 832 ,171,20.6,68,8.2,0,0.0,0,0.0,351,42.2,7,0.8,199,23.9,1,0.1,35,4.2
609859,DeWitt Clinton Elementary School,Network 2," 1,199 ",199,16.6,144,12.0,0,0.0,5,0.4,337,28.1,3,0.3,499,41.6,0,0.0,12,1.0
609852,Eliza Chappell Elementary School,Network 2, 576 ,130,22.6,29,5.0,0,0.0,4,0.7,332,57.6,32,5.6,49,8.5,0,0.0,0,0.0
609918,Eugene Field Elementary School,Network 2, 158 ,6,3.8,50,31.6,0,0.0,3,1.9,85,53.8,2,1.3,12,7.6,0,0.0,0,0.0
609779,George Armstrong International Studies ES,Network 2," 1,412 ",108,7.6,367,26.0,0,0.0,1,0.1,598,42.4,18,1.3,319,22.6,1,0.1,0,0.0
610196,George B Swift Elementary Specialty School,Network 2, 687 ,103,15.0,182,26.5,0,0.0,10,1.5,204,29.7,26,3.8,161,23.4,1,0.1,0,0.0
610122,Helen Peirce International Studies ES,Network 2," 1,010 ",289,28.6,108,10.7,0,0.0,7,0.7,482,47.7,50,5.0,72,7.1,2,0.2,0,0.0
610070,James B McPherson Elementary School,Network 2, 692 ,62,9.0,35,5.1,0,0.0,0,0.0,549,79.3,13,1.9,33,4.8,0,0.0,0,0.0
609866,John C Coonley Elementary School,Network 2," 1,004 ",628,62.5,18,1.8,0,0.0,2,0.2,235,23.4,71,7.1,45,4.5,5,0.5,0,0.0
610269,John T McCutcheon Elementary School,Network 2, 377 ,25,6.6,166,44.0,1,0.3,0,0.0,99,26.3,13,3.5,61,16.2,1,0.3,11,2.9
609865,Jordan Elementary Community School,Network 2, 511 ,25,4.9,149,29.2,0,0.0,1,0.2,315,61.6,6,1.2,11,2.2,4,0.8,0,0.0
610022,Joyce Kilmer Elementary School,Network 2, 761 ,76,10.0,198,26.0,0,0.0,6,0.8,388,51.0,17,2.2,75,9.9,1,0.1,0,0.0
609719,Lake View High School,Network 2," 1,389 ",187,13.5,127,9.1,0,0.0,10,0.7,981,70.6,28,2.0,52,3.7,4,0.3,0,0.0
609817,Lyman A Budlong Elementary School,Network 2, 767 ,219,28.6,39,5.1,0,0.0,6,0.8,317,41.3,22,2.9,163,21.3,1,0.1,0,0.0
610355,Mary E Courtenay Elementary Language Arts Center,Network 2, 400 ,33,8.3,197,49.3,0,0.0,5,1.3,138,34.5,6,1.5,18,4.5,3,0.8,0,0.0
610011,Minnie Mars Jamieson Elementary School,Network 2, 918 ,253,27.6,55,6.0,0,0.0,2,0.2,312,34.0,37,4.0,257,28.0,1,0.1,1,0.1
610284,New Field Elementary School,Network 2, 699 ,88,12.6,199,28.5,0,0.0,6,0.9,314,44.9,16,2.3,75,10.7,1,0.1,0,0.0
609730,Nicholas Senn High School,Network 2," 1,443 ",161,11.2,372,25.8,1,0.1,7,0.5,610,42.3,30,2.1,252,17.5,9,0.6,1,0.1
610147,Philip Rogers Elementary School,Network 2, 782 ,128,16.4,129,16.5,0,0.0,3,0.4,303,38.7,26,3.3,192,24.6,1,0.1,0,0.0
610141,Ravenswood Elementary School,Network 2, 552 ,233,42.2,51,9.2,0,0.0,0,0.0,206,37.3,42,7.6,18,3.3,2,0.4,0,0.0
609733,Roger C Sullivan High School,Network 2, 723 ,42,5.8,298,41.2,0,0.0,1,0.1,246,34.0,9,1.2,121,16.7,2,0.3,4,0.6
609880,Stephen Decatur Classical Elementary School,Network 2, 282 ,129,45.7,12,4.3,0,0.0,0,0.0,35,12.4,16,5.7,89,31.6,1,0.4,0,0.0
609933,Stephen F Gale Elementary Community Academy,Network 2, 308 ,16,5.2,183,59.4,0,0.0,0,0.0,84,27.3,6,2.0,19,6.2,0,0.0,0,0.0
609976,Stephen K Hayt Elementary School,Network 2," 1,002 ",103,10.3,172,17.2,0,0.0,9,0.9,440,43.9,16,1.6,259,25.8,3,0.3,0,0.0
609724,Stephen T Mather High School,Network 2," 1,442 ",278,19.3,168,11.7,0,0.0,10,0.7,516,35.8,25,1.7,443,30.7,2,0.1,0,0.0
610191,Stone Elementary Scholastic Academy,Network 2, 629 ,194,30.8,130,20.7,0,0.0,2,0.3,111,17.6,22,3.5,166,26.4,4,0.6,0,0.0
610220,Thomas J Waters Elementary School,Network 2, 627 ,338,53.9,17,2.7,0,0.0,0,0.0,217,34.6,30,4.8,22,3.5,3,0.5,0,0.0
610394,Uplift Community High School,Network 2, 240 ,6,2.5,193,80.4,0,0.0,1,0.4,32,13.3,3,1.3,5,2.1,0,0.0,0,0.0
610542,West Ridge Elementary School,Network 2, 830 ,296,35.7,56,6.7,0,0.0,5,0.6,187,22.5,8,1.0,275,33.1,3,0.4,0,0.0
609945,William C. Goudy Technology Academy,Network 2, 708 ,41,5.8,162,22.9,0,0.0,4,0.6,206,29.1,11,1.6,282,39.8,2,0.3,0,0.0
610518,Austin College and Career Academy High School,Network 3, 219 ,1,0.5,211,96.3,0,0.0,1,0.5,5,2.3,1,0.5,0,0.0,0,0.0,0,0.0
609922,Belmont-Cragin Elementary School,Network 3, 570 ,12,2.1,19,3.3,0,0.0,2,0.4,530,93.0,3,0.5,4,0.7,0,0.0,0,0.0
609679,Charles Allen Prosser Career Academy High School,Network 3," 1,394 ",27,1.9,250,17.9,0,0.0,7,0.5,1099,78.8,3,0.2,7,0.5,1,0.1,0,0.0
609732,Charles P Steinmetz College Preparatory HS,Network 3," 1,278 ",111,8.7,193,15.1,0,0.0,10,0.8,927,72.5,5,0.4,29,2.3,2,0.2,1,0.1
609904,Edward K Ellington Elementary School,Network 3, 522 ,3,0.6,499,95.6,0,0.0,2,0.4,17,3.3,1,0.2,0,0.0,0,0.0,0,0.0
609708,Edwin G. Foreman College and Career Academy,Network 3, 792 ,21,2.7,176,22.2,0,0.0,2,0.3,584,73.7,1,0.1,7,0.9,1,0.1,0,0.0
610235,Ella Flagg Young Elementary School,Network 3, 805 ,2,0.2,701,87.1,0,0.0,0,0.0,96,11.9,5,0.6,0,0.0,1,0.1,0,0.0
610165,Franz Peter Schubert Elementary School,Network 3, 755 ,20,2.6,14,1.9,0,0.0,1,0.1,711,94.2,2,0.3,7,0.9,0,0.0,0,0.0
610245,Frederick A Douglass Academy High School,Network 3, 101 ,0,0.0,98,97.0,0,0.0,0,0.0,3,3.0,0,0.0,0,0.0,0,0.0,0,0.0
610305,George Leland Elementary School,Network 3, 415 ,2,0.5,403,97.1,0,0.0,0,0.0,7,1.7,0,0.0,0,0.0,0,0.0,3,0.7
609795,George Rogers Clark Elementary School,Network 3, 236 ,6,2.5,141,59.7,0,0.0,3,1.3,80,33.9,2,0.9,2,0.8,2,0.8,0,0.0
610068,Hanson Park Elementary School,Network 3," 1,483 ",27,1.8,19,1.3,0,0.0,6,0.4,1423,96.0,2,0.1,5,0.3,1,0.1,0,0.0
610158,Harriet E Sayre Elementary Language Academy,Network 3, 450 ,46,10.2,191,42.4,0,0.0,3,0.7,185,41.1,18,4.0,6,1.3,1,0.2,0,0.0
610092,Henry H Nash Elementary School,Network 3, 275 ,0,0.0,261,94.9,0,0.0,0,0.0,8,2.9,3,1.1,0,0.0,0,0.0,3,1.1
609975,John Hay Elementary Community Academy,Network 3, 383 ,2,0.5,330,86.2,0,0.0,0,0.0,47,12.3,2,0.5,1,0.3,0,0.0,1,0.3
610043,Joseph Lovett Elementary School,Network 3, 376 ,0,0.0,324,86.2,0,0.0,0,0.0,51,13.6,1,0.3,0,0.0,0,0.0,0,0.0
610041,Josephine C Locke Elementary School,Network 3," 1,337 ",137,10.2,30,2.2,0,0.0,2,0.1,1132,84.7,7,0.5,19,1.4,10,0.7,0,0.0
609910,Laughlin Falconer Elementary School,Network 3," 1,186 ",39,3.3,25,2.1,0,0.0,8,0.7,1101,92.8,2,0.2,10,0.8,1,0.1,0,0.0
609818,Luther Burbank Elementary School,Network 3, 904 ,18,2.0,56,6.2,0,0.0,6,0.7,820,90.7,1,0.1,2,0.2,1,0.1,0,0.0
610539,Marvin Camras Elementary School,Network 3, 932 ,56,6.0,14,1.5,0,0.0,7,0.8,833,89.4,4,0.4,17,1.8,1,0.1,0,0.0
610046,Mary Lyon Elementary School,Network 3," 1,410 ",80,5.7,22,1.6,0,0.0,6,0.4,1273,90.3,1,0.1,18,1.3,8,0.6,2,0.1
610244,Michele Clark Academic Prep Magnet High School,Network 3, 547 ,0,0.0,533,97.4,0,0.0,1,0.2,13,2.4,0,0.0,0,0.0,0,0.0,0,0.0
609830,Milton Brunson Math & Science Specialty ES,Network 3, 480 ,1,0.2,430,89.6,0,0.0,1,0.2,46,9.6,1,0.2,0,0.0,1,0.2,0,0.0
610051,Northwest Middle School,Network 3, 486 ,12,2.5,14,2.9,0,0.0,3,0.6,456,93.8,0,0.0,0,0.0,1,0.2,0,0.0
610367,Oscar DePriest Elementary School,Network 3, 544 ,0,0.0,513,94.3,0,0.0,0,0.0,24,4.4,6,1.1,0,0.0,1,0.2,0,0.0
610183,Spencer Technology Academy,Network 3, 557 ,1,0.2,534,95.9,0,0.0,0,0.0,20,3.6,2,0.4,0,0.0,0,0.0,0,0.0
610038,Abraham Lincoln Elementary School,Network 4, 895 ,547,61.1,117,13.1,0,0.0,2,0.2,91,10.2,50,5.6,88,9.8,0,0.0,0,0.0
609720,Albert G Lane Technical High School,Network 4," 4,438 ",1565,35.3,350,7.9,6,0.1,17,0.4,1810,40.8,117,2.6,468,10.5,12,0.3,93,2.1
609799,Alexander Graham Bell Elementary School,Network 4, 957 ,575,60.1,23,2.4,0,0.0,1,0.1,170,17.8,86,9.0,97,10.1,5,0.5,0,0.0
609963,Alexander Hamilton Elementary School,Network 4, 480 ,326,67.9,27,5.6,0,0.0,0,0.0,81,16.9,26,5.4,19,4.0,0,0.0,1,0.2
610144,Frank W Reilly Elementary School,Network 4, 923 ,29,3.1,4,0.4,0,0.0,6,0.7,872,94.5,4,0.4,6,0.7,2,0.2,0,0.0
609930,Frederick Funston Elementary School,Network 4, 464 ,11,2.4,52,11.2,0,0.0,0,0.0,400,86.2,1,0.2,0,0.0,0,0.0,0,0.0
610010,Friedrich L. Jahn Elementary of the Fine Arts,Network 4, 311 ,68,21.9,46,14.8,0,0.0,1,0.3,181,58.2,10,3.2,4,1.3,1,0.3,0,0.0
610048,George Manierre Elementary School,Network 4, 344 ,0,0.0,337,98.0,0,0.0,0,0.0,5,1.5,2,0.6,0,0.0,0,0.0,0,0.0
609974,Hawthorne Elementary Scholastic Academy,Network 4, 567 ,293,51.7,49,8.6,0,0.0,2,0.4,122,21.5,38,6.7,56,9.9,7,1.2,0,0.0
609850,Horace Greeley Elementary School,Network 4, 568 ,61,10.7,91,16.0,0,0.0,2,0.4,392,69.0,9,1.6,12,2.1,0,0.0,1,0.2
610078,Inter-American Elementary Magnet School,Network 4, 710 ,76,10.7,15,2.1,0,0.0,2,0.3,601,84.6,11,1.6,4,0.6,0,0.0,1,0.1
609803,James G Blaine Elementary School,Network 4, 888 ,576,64.9,32,3.6,0,0.0,0,0.0,190,21.4,37,4.2,48,5.4,5,0.6,0,0.0
610074,James Monroe Elementary School,Network 4, 825 ,17,2.1,18,2.2,0,0.0,2,0.2,780,94.5,3,0.4,5,0.6,0,0.0,0,0.0
609942,Johann W von Goethe Elementary School,Network 4, 765 ,130,17.0,32,4.2,0,0.0,20,2.6,569,74.4,12,1.6,2,0.3,0,0.0,0,0.0
609782,John J Audubon Elementary School,Network 4, 574 ,358,62.4,15,2.6,0,0.0,3,0.5,140,24.4,26,4.5,24,4.2,0,0.0,8,1.4
609716,Kelvyn Park High School,Network 4, 451 ,7,1.6,32,7.1,0,0.0,2,0.4,406,90.0,2,0.4,1,0.2,1,0.2,0,0.0
610033,LaSalle Elementary Language Academy,Network 4, 561 ,187,33.3,168,29.9,0,0.0,0,0.0,115,20.5,46,8.2,44,7.8,0,0.0,1,0.2
610325,Logandale Middle School,Network 4, 716 ,12,1.7,39,5.4,0,0.0,3,0.4,654,91.3,2,0.3,3,0.4,3,0.4,0,0.0
609809,Lorenz Brentano Math & Science Academy ES,Network 4, 497 ,92,18.5,20,4.0,0,0.0,2,0.4,358,72.0,16,3.2,4,0.8,5,1.0,0,0.0
610094,Louis Nettelhorst Elementary School,Network 4, 789 ,448,56.8,94,11.9,0,0.0,4,0.5,113,14.3,42,5.3,78,9.9,10,1.3,0,0.0
609774,Louisa May Alcott College Preparatory ES,Network 4, 628 ,406,64.6,41,6.5,0,0.0,2,0.3,82,13.1,49,7.8,46,7.3,1,0.2,1,0.2
610524,Louisa May Alcott College Preparatory HS,Network 4, 311 ,31,10.0,48,15.4,0,0.0,1,0.3,218,70.1,6,1.9,5,1.6,2,0.6,0,0.0
610059,Oscar F Mayer Elementary School,Network 4, 760 ,540,71.1,61,8.0,0,0.0,2,0.3,113,14.9,7,0.9,25,3.3,12,1.6,0,0.0
609853,Salmon P Chase Elementary School,Network 4, 416 ,24,5.8,12,2.9,0,0.0,1,0.2,373,89.7,3,0.7,3,0.7,0,0.0,0,0.0
609968,Sharon Christa McAuliffe Elementary School,Network 4, 732 ,17,2.3,28,3.8,0,0.0,2,0.3,681,93.0,4,0.6,0,0.0,0,0.0,0,0.0
610534,Skinner North,Network 4, 494 ,193,39.1,60,12.1,0,0.0,0,0.0,56,11.3,28,5.7,157,31.8,0,0.0,0,0.0
610095,Walter L Newberry Math & Science Academy ES,Network 4, 563 ,90,16.0,274,48.7,0,0.0,0,0.0,149,26.5,22,3.9,28,5.0,0,0.0,0,0.0
610136,William H Prescott Elementary School,Network 4, 433 ,156,36.0,76,17.6,0,0.0,5,1.2,153,35.3,15,3.5,26,6.0,2,0.5,0,0.0
610097,William P Nixon Elementary School,Network 4, 833 ,13,1.6,19,2.3,0,0.0,4,0.5,792,95.1,1,0.1,4,0.5,0,0.0,0,0.0
610088,Wolfgang A Mozart Elementary School,Network 4, 640 ,9,1.4,23,3.6,0,0.0,1,0.2,600,93.8,3,0.5,0,0.0,1,0.2,3,0.5
610334,Al Raby High School,Network 5, 378 ,2,0.5,352,93.1,0,0.0,0,0.0,22,5.8,0,0.0,1,0.3,1,0.3,0,0.0
610131,Ambrose Plamondon Elementary School,Network 5, 138 ,2,1.4,44,31.9,0,0.0,0,0.0,91,65.9,1,0.7,0,0.0,0,0.0,0,0.0
610005,Charles Evans Hughes Elementary School,Network 5, 255 ,0,0.0,247,96.9,0,0.0,0,0.0,4,1.6,0,0.0,0,0.0,4,1.6,0,0.0
610194,Charles Sumner  Math & Science Community Acad ES,Network 5, 276 ,0,0.0,272,98.6,0,0.0,0,0.0,3,1.1,1,0.4,0,0.0,0,0.0,0,0.0
609873,Crown Community Academy of Fine Arts Center ES,Network 5, 255 ,2,0.8,232,91.0,0,0.0,0,0.0,20,7.8,1,0.4,0,0.0,0,0.0,0,0.0
609835,Daniel R Cameron Elementary School,Network 5, 773 ,12,1.6,197,25.5,0,0.0,0,0.0,554,71.7,8,1.0,1,0.1,1,0.1,0,0.0
610221,Daniel Webster Elementary School,Network 5, 298 ,0,0.0,296,99.3,0,0.0,0,0.0,2,0.7,0,0.0,0,0.0,0,0.0,0,0.0
610503,Frazier Prospective IB Magnet ES,Network 5, 205 ,0,0.0,200,97.6,0,0.0,0,0.0,5,2.4,0,0.0,0,0.0,0,0.0,0,0.0
609854,Frederic Chopin Elementary School,Network 5, 422 ,30,7.1,94,22.3,0,0.0,2,0.5,289,68.5,5,1.2,1,0.2,1,0.2,0,0.0
610293,Genevieve Melody Elementary School,Network 5, 477 ,2,0.4,471,98.7,0,0.0,0,0.0,3,0.6,0,0.0,0,0.0,1,0.2,0,0.0
610202,George W Tilton Elementary School,Network 5, 302 ,0,0.0,290,96.0,0,0.0,0,0.0,10,3.3,2,0.7,0,0.0,0,0.0,0,0.0
609693,George Westinghouse College Prep,Network 5," 1,189 ",23,1.9,642,54.0,0,0.0,1,0.1,463,38.9,10,0.8,47,4.0,0,0.0,3,0.3
610192,Harriet Beecher Stowe Elementary School,Network 5, 674 ,6,0.9,54,8.0,0,0.0,3,0.4,610,90.5,0,0.0,1,0.1,0,0.0,0,0.0
609985,Helen M Hefferan Elementary School,Network 5, 349 ,2,0.6,342,98.0,0,0.0,0,0.0,4,1.1,0,0.0,0,0.0,0,0.0,1,0.3
609797,Jacob Beidler Elementary School,Network 5, 444 ,0,0.0,429,96.6,0,0.0,0,0.0,15,3.4,0,0.0,0,0.0,0,0.0,0,0.0
610044,James Russell Lowell Elementary School,Network 5, 445 ,8,1.8,91,20.4,0,0.0,0,0.0,342,76.9,4,0.9,0,0.0,0,0.0,0,0.0
610271,Jensen Elementary Scholastic Academy,Network 5, 417 ,0,0.0,408,97.8,0,0.0,1,0.2,8,1.9,0,0.0,0,0.0,0,0.0,0,0.0
609723,John Marshall Metropolitan High School,Network 5, 341 ,0,0.0,335,98.2,0,0.0,0,0.0,5,1.5,1,0.3,0,0.0,0,0.0,0,0.0
609954,John Milton Gregory Elementary School,Network 5, 354 ,0,0.0,349,98.6,0,0.0,0,0.0,4,1.1,0,0.0,0,0.0,0,0.0,1,0.3
610313,Jose De Diego Elementary Community Academy,Network 5, 561 ,20,3.6,148,26.4,0,0.0,1,0.2,380,67.7,5,0.9,6,1.1,0,0.0,1,0.2
609925,Joseph Kellman Corporate Community ES,Network 5, 337 ,1,0.3,334,99.1,0,0.0,1,0.3,1,0.3,0,0.0,0,0.0,0,0.0,0,0.0
610133,Laura S Ward Elementary School,Network 5, 465 ,2,0.4,434,93.3,0,0.0,0,0.0,28,6.0,1,0.2,0,0.0,0,0.0,0,0.0
610034,Lawndale Elementary Community Academy,Network 5, 263 ,0,0.0,258,98.1,0,0.0,0,0.0,5,1.9,0,0.0,0,0.0,0,0.0,0,0.0
609907,Leif Ericson Elementary Scholastic Academy,Network 5, 475 ,0,0.0,458,96.4,0,0.0,0,0.0,4,0.8,1,0.2,0,0.0,0,0.0,12,2.5
609722,Manley Career Academy High School,Network 5, 114 ,0,0.0,111,97.4,0,0.0,0,0.0,3,2.6,0,0.0,0,0.0,0,0.0,0,0.0
610055,Michael Faraday Elementary School,Network 5, 287 ,1,0.3,280,97.6,0,0.0,0,0.0,5,1.7,1,0.4,0,0.0,0,0.0,0,0.0
609691,North-Grand High School,Network 5, 958 ,11,1.1,152,15.9,0,0.0,3,0.3,781,81.5,6,0.6,5,0.5,0,0.0,0,0.0
610234,Richard Yates Elementary School,Network 5, 442 ,7,1.6,83,18.8,0,0.0,3,0.7,344,77.8,2,0.5,0,0.0,3,0.7,0,0.0
609759,Roberto Clemente Community Academy High School,Network 5, 754 ,9,1.2,228,30.2,0,0.0,4,0.5,506,67.1,3,0.4,3,0.4,1,0.1,0,0.0
610056,Roswell B Mason Elementary School,Network 5, 384 ,5,1.3,366,95.3,0,0.0,0,0.0,12,3.1,1,0.3,0,0.0,0,0.0,0,0.0
610100,West Park Elementary Academy,Network 5, 591 ,2,0.3,141,23.9,0,0.0,1,0.2,445,75.3,1,0.2,1,0.2,0,0.0,0,0.0
610251,Willa Cather Elementary School,Network 5, 380 ,0,0.0,362,95.3,0,0.0,1,0.3,12,3.2,0,0.0,5,1.3,0,0.0,0,0.0
610123,William Penn Elementary School,Network 5, 316 ,1,0.3,287,90.8,0,0.0,1,0.3,26,8.2,0,0.0,0,0.0,0,0.0,1,0.3
610229,A.N. Pritzker School,Network 6, 743 ,197,26.5,204,27.5,0,0.0,8,1.1,255,34.3,42,5.7,33,4.4,4,0.5,0,0.0
610513,Air Force Academy High School,Network 6, 262 ,28,10.7,116,44.3,0,0.0,1,0.4,106,40.5,4,1.5,7,2.7,0,0.0,0,0.0
609947,Alexander Graham Elementary School,Network 6, 415 ,109,26.3,105,25.3,0,0.0,2,0.5,198,47.7,1,0.2,0,0.0,0,0.0,0,0.0
610060,Andrew Jackson Elementary Language Academy,Network 6, 550 ,84,15.3,178,32.4,0,0.0,1,0.2,173,31.5,17,3.1,95,17.3,0,0.0,2,0.4
609996,Charles N Holden Elementary School,Network 6, 504 ,62,12.3,46,9.1,0,0.0,1,0.2,298,59.1,5,1.0,92,18.3,0,0.0,0,0.0
609754,Chicago Military Academy High School,Network 6, 310 ,5,1.6,201,64.8,0,0.0,0,0.0,100,32.3,3,1.0,1,0.3,0,0.0,0,0.0
610012,Edward Jenner Elementary Academy of the Arts,Network 6, 250 ,0,0.0,247,98.8,0,0.0,0,0.0,2,0.8,1,0.4,0,0.0,0,0.0,0,0.0
610009,Galileo Math & Science Scholastic Academy ES,Network 6, 573 ,42,7.3,131,22.9,0,0.0,0,0.0,334,58.3,13,2.3,22,3.8,1,0.2,30,5.2
609760,George Washington Carver Military Academy HS,Network 6, 479 ,3,0.6,193,40.3,0,0.0,1,0.2,280,58.5,2,0.4,0,0.0,0,0.0,0,0.0
610107,James Otis Elementary School,Network 6, 453 ,12,2.6,110,24.3,0,0.0,3,0.7,321,70.9,4,0.9,3,0.7,0,0.0,0,0.0
609959,John Charles Haines Elementary School,Network 6, 686 ,2,0.3,105,15.3,0,0.0,0,0.0,11,1.6,2,0.3,564,82.2,1,0.1,1,0.1
610180,John M Smyth Elementary School,Network 6, 463 ,5,1.1,428,92.4,0,0.0,1,0.2,25,5.4,1,0.2,0,0.0,3,0.6,0,0.0
609828,Jonathan Burr Elementary School,Network 6, 434 ,180,41.5,34,7.8,0,0.0,1,0.2,181,41.7,19,4.4,19,4.4,0,0.0,0,0.0
610081,Mark Sheridan Math & Science Academy,Network 6, 560 ,99,17.7,100,17.9,0,0.0,0,0.0,128,22.9,19,3.4,212,37.9,2,0.4,0,0.0
610529,Ogden International High School,Network 6, 884 ,201,22.7,324,36.7,0,0.0,4,0.5,287,32.5,25,2.8,41,4.6,1,0.1,1,0.1
609777,Phillip D Armour Elementary School,Network 6, 279 ,25,9.0,17,6.1,0,0.0,0,0.0,222,79.6,2,0.7,13,4.7,0,0.0,0,0.0
610304,Phoenix Military Academy High School,Network 6, 531 ,3,0.6,90,16.9,0,0.0,2,0.4,427,80.4,2,0.4,6,1.1,1,0.2,0,0.0
610138,Pulaski International School of Chicago,Network 6, 928 ,187,20.2,10,1.1,0,0.0,3,0.3,690,74.4,22,2.4,16,1.7,0,0.0,0,0.0
609769,Ray Graham Training Center High School,Network 6, 117 ,2,1.7,61,52.1,0,0.0,0,0.0,49,41.9,1,0.9,4,3.4,0,0.0,0,0.0
610561,Richard T Crane Medical Preparatory HS,Network 6, 487 ,3,0.6,354,72.7,0,0.0,1,0.2,116,23.8,3,0.6,6,1.2,0,0.0,4,0.8
609979,Robert Healy Elementary School,Network 6," 1,413 ",111,7.9,14,1.0,0,0.0,5,0.4,282,20.0,15,1.1,960,67.9,26,1.8,0,0.0
610252,Robert Nathaniel Dett Elementary School,Network 6, 312 ,0,0.0,297,95.2,0,0.0,1,0.3,10,3.2,4,1.3,0,0.0,0,0.0,0,0.0
610029,Rodolfo Lozano Bilingual & International Ctr ES,Network 6, 203 ,5,2.5,31,15.3,0,0.0,1,0.5,161,79.3,4,2.0,0,0.0,1,0.5,0,0.0
610250,Rueben Salazar Elementary Bilingual Center,Network 6, 345 ,6,1.7,117,33.9,0,0.0,0,0.0,218,63.2,0,0.0,4,1.2,0,0.0,0,0.0
610548,STEM Magnet Academy,Network 6, 434 ,58,13.4,140,32.3,0,0.0,2,0.5,118,27.2,12,2.8,100,23.0,4,0.9,0,0.0
609750,Simpson Academy HS for Young Women,Network 6, 41 ,2,4.9,30,73.2,0,0.0,0,0.0,9,22.0,0,0.0,0,0.0,0,0.0,0,0.0
610405,Suder Montessori Magnet ES,Network 6, 413 ,75,18.2,231,55.9,0,0.0,3,0.7,69,16.7,15,3.6,18,4.4,2,0.5,0,0.0
609896,Thomas Drummond Elementary School,Network 6, 349 ,147,42.1,25,7.2,0,0.0,2,0.6,114,32.7,43,12.3,18,5.2,0,0.0,0,0.0
610121,Washington Irving Elementary School,Network 6, 443 ,4,0.9,348,78.6,0,0.0,1,0.2,78,17.6,6,1.4,5,1.1,1,0.2,0,0.0
609740,Wells Community Academy High School,Network 6, 381 ,13,3.4,195,51.2,0,0.0,1,0.3,168,44.1,4,1.1,0,0.0,0,0.0,0,0.0
610101,William B Ogden Elementary School,Network 6, 806 ,324,40.2,151,18.7,0,0.0,4,0.5,136,16.9,58,7.2,132,16.4,0,0.0,1,0.1
609812,William H Brown Elementary School,Network 6, 252 ,4,1.6,229,90.9,0,0.0,0,0.0,15,6.0,1,0.4,1,0.4,2,0.8,0,0.0
610308,Wilma Rudolph Elementary Learning Center,Network 6, 92 ,5,5.4,36,39.1,0,0.0,0,0.0,48,52.2,0,0.0,3,3.3,0,0.0,0,0.0
609966,Charles G Hammond Elementary School,Network 7, 438 ,10,2.3,32,7.3,0,0.0,0,0.0,395,90.2,1,0.2,0,0.0,0,0.0,0,0.0
610063,Cyrus H McCormick Elementary School,Network 7, 712 ,2,0.3,2,0.3,0,0.0,0,0.0,708,99.4,0,0.0,0,0.0,0,0.0,0,0.0
609870,Daniel J Corkery Elementary School,Network 7, 525 ,5,1.0,87,16.6,0,0.0,0,0.0,429,81.7,0,0.0,0,0.0,3,0.6,1,0.2
609704,David G Farragut Career Academy High School,Network 7, 728 ,4,0.5,63,8.7,0,0.0,2,0.3,659,90.5,0,0.0,0,0.0,0,0.0,0,0.0
610227,Eli Whitney Elementary School,Network 7, 986 ,9,0.9,2,0.2,0,0.0,2,0.2,972,98.6,0,0.0,0,0.0,0,0.0,1,0.1
610215,Francisco I Madero Middle School,Network 7, 334 ,1,0.3,0,0.0,0,0.0,1,0.3,332,99.4,0,0.0,0,0.0,0,0.0,0,0.0
609920,Gerald Delgado Kanoon Elementary Magnet School,Network 7, 628 ,1,0.2,7,1.1,0,0.0,1,0.2,618,98.4,1,0.2,0,0.0,0,0.0,0,0.0
610383,Greater Lawndale High School For Social Justice,Network 7, 286 ,2,0.7,30,10.5,0,0.0,1,0.3,253,88.5,0,0.0,0,0.0,0,0.0,0,0.0
610384,Infinity Math Science and Technology High School,Network 7, 418 ,3,0.7,3,0.7,0,0.0,0,0.0,411,98.3,0,0.0,1,0.2,0,0.0,0,0.0
610125,Irma C Ruiz Elementary School,Network 7, 694 ,16,2.3,4,0.6,0,0.0,2,0.3,668,96.3,1,0.1,2,0.3,1,0.1,0,0.0
610216,John A Walsh Elementary School,Network 7, 349 ,6,1.7,35,10.0,0,0.0,0,0.0,301,86.2,3,0.9,3,0.9,0,0.0,1,0.3
610228,John Greenleaf Whittier Elementary School,Network 7, 231 ,2,0.9,0,0.0,0,0.0,0,0.0,229,99.1,0,0.0,0,0.0,0,0.0,0,0.0
610184,John Spry Elementary Community School,Network 7, 538 ,4,0.7,2,0.4,0,0.0,1,0.2,522,97.0,0,0.0,0,0.0,0,0.0,9,1.7
609950,Josefa Ortiz De Dominguez Elementary School,Network 7, 535 ,1,0.2,1,0.2,0,0.0,2,0.4,531,99.3,0,0.0,0,0.0,0,0.0,0,0.0
609938,Joseph E Gary Elementary School,Network 7," 1,114 ",14,1.3,1,0.1,0,0.0,3,0.3,1095,98.3,0,0.0,1,0.1,0,0.0,0,0.0
610015,Joseph Jungman Elementary School,Network 7, 286 ,8,2.8,34,11.9,0,0.0,3,1.0,223,78.0,1,0.4,4,1.4,0,0.0,13,4.5
610129,Josiah Pickard Elementary School,Network 7, 444 ,7,1.6,12,2.7,0,0.0,0,0.0,425,95.7,0,0.0,0,0.0,0,0.0,0,0.0
609872,Manuel Perez Elementary School,Network 7, 297 ,2,0.7,4,1.3,0,0.0,0,0.0,291,98.0,0,0.0,0,0.0,0,0.0,0,0.0
610017,Maria Saucedo Elementary Scholastic Academy,Network 7," 1,007 ",4,0.4,25,2.5,0,0.0,5,0.5,971,96.4,2,0.2,0,0.0,0,0.0,0,0.0
610385,Multicultural Academy of Scholarship,Network 7, 230 ,3,1.3,26,11.3,0,0.0,0,0.0,200,87.0,1,0.4,0,0.0,0,0.0,0,0.0
610329,Orozco Fine Arts & Sciences Elementary School,Network 7, 540 ,6,1.1,10,1.9,0,0.0,2,0.4,520,96.3,0,0.0,2,0.4,0,0.0,0,0.0
609867,Peter Cooper Elementary Dual Language Academy,Network 7, 459 ,4,0.9,9,2.0,0,0.0,1,0.2,444,96.7,0,0.0,1,0.2,0,0.0,0,0.0
610013,Pilsen Elementary Community Academy,Network 7, 331 ,6,1.8,35,10.6,0,0.0,1,0.3,286,86.4,1,0.3,2,0.6,0,0.0,0,0.0
610357,Spry Community Links High School,Network 7, 129 ,1,0.8,1,0.8,0,0.0,1,0.8,126,97.7,0,0.0,0,0.0,0,0.0,0,0.0
609921,Telpochcalli Elementary School,Network 7, 282 ,4,1.4,6,2.1,0,0.0,0,0.0,269,95.4,3,1.1,0,0.0,0,0.0,0,0.0
609967,William F Finkl Elementary School,Network 7, 359 ,12,3.3,42,11.7,0,0.0,0,0.0,274,76.3,3,0.8,2,0.6,0,0.0,26,7.2
610392,World Language Academy High School,Network 7, 352 ,3,0.9,23,6.5,0,0.0,0,0.0,320,90.9,1,0.3,0,0.0,0,0.0,5,1.4
609993,Agustin Lara Elementary Academy,Network 8, 441 ,3,0.7,16,3.6,0,0.0,0,0.0,422,95.7,0,0.0,0,0.0,0,0.0,0,0.0
610317,Brighton Park Elementary School,Network 8, 453 ,5,1.1,11,2.4,0,0.0,4,0.9,426,94.0,0,0.0,7,1.5,0,0.0,0,0.0
610353,Calmeca Academy of Fine Arts and Dual Language,Network 8, 807 ,5,0.6,12,1.5,0,0.0,1,0.1,778,96.4,1,0.1,10,1.2,0,0.0,0,0.0
610170,Columbia Explorers Elementary Academy,Network 8," 1,064 ",15,1.4,5,0.5,0,0.0,3,0.3,1034,97.2,4,0.4,3,0.3,0,0.0,0,0.0
609909,Edward Everett Elementary School,Network 8, 200 ,7,3.5,9,4.5,0,0.0,0,0.0,175,87.5,5,2.5,4,2.0,0,0.0,0,0.0
609735,Edward Tilden Career Community Academy HS,Network 8, 250 ,22,8.8,137,54.8,0,0.0,0,0.0,80,32.0,5,2.0,1,0.4,0,0.0,5,2.0
609682,Ellen H Richards Career Academy High School,Network 8, 217 ,2,0.9,84,38.7,0,0.0,0,0.0,131,60.4,0,0.0,0,0.0,0,0.0,0,0.0
610319,Evergreen Academy Middle School,Network 8, 315 ,16,5.1,4,1.3,0,0.0,1,0.3,286,90.8,2,0.6,6,1.9,0,0.0,0,0.0
610096,Florence Nightingale Elementary School,Network 8," 1,254 ",7,0.6,10,0.8,0,0.0,5,0.4,1232,98.2,0,0.0,0,0.0,0,0.0,0,0.0
609709,Gage Park High School,Network 8, 328 ,1,0.3,124,37.8,0,0.0,1,0.3,202,61.6,0,0.0,0,0.0,0,0.0,0,0.0
610532,Irene C. Hernandez Middle School for the Advancement of Science,Network 8, 997 ,8,0.8,17,1.7,0,0.0,3,0.3,964,96.7,1,0.1,1,0.1,0,0.0,3,0.3
609983,James Hedges Elementary School,Network 8, 665 ,8,1.2,12,1.8,0,0.0,2,0.3,642,96.5,0,0.0,0,0.0,1,0.2,0,0.0
610174,James Shields Elementary School,Network 8, 838 ,19,2.3,6,0.7,0,0.0,0,0.0,809,96.5,2,0.2,2,0.2,0,0.0,0,0.0
610559,James Shields Middle School,Network 8, 604 ,11,1.8,10,1.7,0,0.0,2,0.3,576,95.4,0,0.0,4,0.7,1,0.2,0,0.0
609964,John H Hamline Elementary School,Network 8, 537 ,6,1.1,37,6.9,0,0.0,0,0.0,488,90.9,3,0.6,2,0.4,0,0.0,1,0.2
609694,John Hancock College Preparatory High School,Network 8, 971 ,25,2.6,16,1.6,0,0.0,9,0.9,911,93.8,2,0.2,8,0.8,0,0.0,0,0.0
609756,Marie Sklodowska Curie Metropolitan High School,Network 8," 2,916 ",63,2.2,381,13.1,0,0.0,12,0.4,2373,81.4,11,0.4,75,2.6,1,0.0,0,0.0
609876,Nathan S Davis Elementary School,Network 8, 740 ,18,2.4,12,1.6,0,0.0,1,0.1,705,95.3,0,0.0,4,0.5,0,0.0,0,0.0
609952,Nathanael Greene Elementary School,Network 8, 498 ,21,4.2,10,2.0,0,0.0,1,0.2,438,88.0,5,1.0,11,2.2,0,0.0,12,2.4
610239,Richard J Daley Elementary Academy,Network 8, 595 ,2,0.3,54,9.1,0,0.0,0,0.0,539,90.6,0,0.0,0,0.0,0,0.0,0,0.0
610157,Sidney Sawyer Elementary School,Network 8," 1,545 ",15,1.0,8,0.5,0,0.0,4,0.3,1516,98.1,1,0.1,1,0.1,0,0.0,0,0.0
610226,Socorro Sandoval Elementary School,Network 8, 969 ,8,0.8,10,1.0,0,0.0,6,0.6,941,97.1,1,0.1,3,0.3,0,0.0,0,0.0
609715,Thomas Kelly High School,Network 8," 1,891 ",31,1.6,73,3.9,0,0.0,3,0.2,1530,80.9,5,0.3,247,13.1,2,0.1,0,0.0
609855,Walter S Christopher Elementary School,Network 8, 380 ,19,5.0,61,16.1,0,0.0,1,0.3,289,76.1,1,0.3,2,0.5,1,0.3,6,1.6
610167,William H Seward Communication Arts Academy ES,Network 8, 685 ,7,1.0,3,0.4,0,0.0,4,0.6,671,98.0,0,0.0,0,0.0,0,0.0,0,0.0
610175,Beulah Shoesmith Elementary School,Network 9, 363 ,13,3.6,330,90.9,0,0.0,1,0.3,14,3.9,0,0.0,5,1.4,0,0.0,0,0.0
609969,Bret Harte Elementary School,Network 9, 319 ,8,2.5,280,87.8,0,0.0,0,0.0,23,7.2,5,1.6,3,0.9,0,0.0,0,0.0
610381,Bronzeville Scholastic Academy High School,Network 9, 322 ,0,0.0,311,96.6,0,0.0,1,0.3,8,2.5,0,0.0,2,0.6,0,0.0,0,0.0
610345,Carter G Woodson South Elementary School,Network 9, 330 ,0,0.0,314,95.2,0,0.0,0,0.0,13,3.9,2,0.6,0,0.0,1,0.3,0,0.0
610030,Charles Kozminski Elementary Community Academy,Network 9, 257 ,1,0.4,245,95.3,0,0.0,0,0.0,6,2.3,4,1.6,1,0.4,0,0.0,0,0.0
610380,Daniel Hale Williams Prep School of Medicine,Network 9, 231 ,1,0.4,225,97.4,0,0.0,0,0.0,4,1.7,1,0.4,0,0.0,0,0.0,0,0.0
609751,Dr  Martin Luther King  Jr  College Prep HS,Network 9, 599 ,1,0.2,563,94.0,0,0.0,0,0.0,23,3.8,6,1.0,6,1.0,0,0.0,0,0.0
609819,Edmond Burke Elementary School,Network 9, 432 ,2,0.5,425,98.4,0,0.0,1,0.2,2,0.5,2,0.5,0,0.0,0,0.0,0,0.0
610246,Edward Beasley Elementary Magnet Academic Center,Network 9," 1,246 ",6,0.5,1211,97.2,0,0.0,4,0.3,20,1.6,3,0.2,1,0.1,1,0.1,0,0.0
610065,Emmett Louis Till Math and Science Academy,Network 9, 346 ,0,0.0,338,97.7,0,0.0,1,0.3,6,1.7,1,0.3,0,0.0,0,0.0,0,0.0
609713,Hyde Park Academy High School,Network 9, 856 ,1,0.1,844,98.6,0,0.0,1,0.1,7,0.8,3,0.4,0,0.0,0,0.0,0,0.0
610110,Ida B Wells Preparatory Elementary Academy,Network 9, 390 ,0,0.0,351,90.0,0,0.0,1,0.3,18,4.6,2,0.5,0,0.0,0,0.0,18,4.6
610276,Irvin C Mollison Elementary School,Network 9, 343 ,0,0.0,338,98.5,0,0.0,0,0.0,1,0.3,3,0.9,0,0.0,1,0.3,0,0.0
610256,Jackie Robinson Elementary School,Network 9, 121 ,1,0.8,120,99.2,0,0.0,0,0.0,0,0.0,0,0.0,0,0.0,0,0.0,0,0.0
609891,James R Doolittle Jr Elementary School,Network 9, 277 ,0,0.0,274,98.9,0,0.0,0,0.0,2,0.7,1,0.4,0,0.0,0,0.0,0,0.0
610213,James Wadsworth Elementary School,Network 9, 551 ,1,0.2,530,96.2,0,0.0,0,0.0,15,2.7,5,0.9,0,0.0,0,0.0,0,0.0
609894,John B Drake Elementary School,Network 9, 341 ,1,0.3,329,96.5,0,0.0,0,0.0,10,2.9,1,0.3,0,0.0,0,0.0,0,0.0
609919,John Fiske Elementary School,Network 9, 461 ,0,0.0,452,98.0,0,0.0,0,0.0,8,1.7,0,0.0,0,0.0,0,0.0,1,0.2
610126,John J Pershing Elementary Humanities Magnet,Network 9, 590 ,7,1.2,556,94.2,0,0.0,0,0.0,16,2.7,6,1.0,5,0.8,0,0.0,0,0.0
609746,Kenwood Academy High School,Network 9," 1,756 ",92,5.2,1460,83.1,0,0.0,5,0.3,78,4.4,38,2.2,51,2.9,1,0.1,31,1.8
610237,Ludwig Van Beethoven Elementary School,Network 9, 388 ,2,0.5,374,96.4,0,0.0,1,0.3,9,2.3,1,0.3,0,0.0,1,0.3,0,0.0
609676,Paul Laurence Dunbar Career Academy High School,Network 9, 457 ,0,0.0,440,96.3,0,0.0,0,0.0,17,3.7,0,0.0,0,0.0,0,0.0,0,0.0
610090,Phillip Murray Elementary Language Academy,Network 9, 519 ,6,1.2,465,89.6,0,0.0,1,0.2,16,3.1,15,2.9,6,1.2,1,0.2,9,1.7
609987,Thomas A Hendricks Elementary Community Academy,Network 9, 244 ,4,1.6,223,91.4,0,0.0,1,0.4,12,4.9,3,1.2,0,0.0,1,0.4,0,0.0
610143,William C Reavis Math & Science Specialty ES,Network 9, 253 ,1,0.4,249,98.4,0,0.0,0,0.0,0,0.0,1,0.4,1,0.4,1,0.4,0,0.0
610142,William H Ray Elementary School,Network 9, 725 ,128,17.7,437,60.3,0,0.0,1,0.1,61,8.4,37,5.1,58,8.0,3,0.4,0,0.0
609977,Woodlawn Community Elementary School,Network 9, 216 ,0,0.0,212,98.1,0,0.0,0,0.0,4,1.9,0,0.0,0,0.0,0,0.0,0,0.0
610185,Adlai E Stevenson Elementary School,Network 10," 1,257 ",44,3.5,70,5.6,0,0.0,6,0.5,1127,89.7,5,0.4,4,0.3,1,0.1,0,0.0
609788,Alice L Barnard Computer Math & Science Ctr ES,Network 10, 324 ,3,0.9,314,96.9,0,0.0,0,0.0,3,0.9,3,0.9,1,0.3,0,0.0,0,0.0
610084,Annie Keller Elementary Gifted Magnet School,Network 10, 243 ,68,28.0,83,34.2,0,0.0,0,0.0,28,11.5,5,2.1,57,23.5,2,0.8,0,0.0
610287,Ashburn Community Elementary School,Network 10, 517 ,1,0.2,452,87.4,0,0.0,1,0.2,58,11.2,4,0.8,0,0.0,1,0.2,0,0.0
609871,Barbara Vick Early Childhood & Family Center,Network 10, 316 ,115,36.4,67,21.2,0,0.0,0,0.0,128,40.5,3,1.0,3,0.9,0,0.0,0,0.0
610087,Blair Early Childhood Center,Network 10, 190 ,26,13.7,20,10.5,0,0.0,0,0.0,140,73.7,0,0.0,2,1.1,2,1.1,0,0.0
609839,Carroll-Rosenwald Specialty Elementary School,Network 10, 422 ,2,0.5,404,95.7,0,0.0,0,0.0,14,3.3,1,0.2,0,0.0,1,0.2,0,0.0
609879,Charles Gates Dawes Elementary School,Network 10, 992 ,9,0.9,148,14.9,0,0.0,3,0.3,826,83.3,3,0.3,0,0.0,3,0.3,0,0.0
610347,Claremont Academy Elementary School,Network 10, 434 ,3,0.7,355,81.8,0,0.0,0,0.0,67,15.4,3,0.7,0,0.0,6,1.4,0,0.0
610077,Donald Morrill Math & Science Elementary School,Network 10, 648 ,7,1.1,214,33.0,0,0.0,0,0.0,426,65.7,1,0.2,0,0.0,0,0.0,0,0.0
610352,Durkin Park Elementary School,Network 10, 696 ,29,4.2,80,11.5,0,0.0,1,0.1,577,82.9,9,1.3,0,0.0,0,0.0,0,0.0
610006,Edward N Hurley Elementary School,Network 10, 830 ,1,0.1,8,1.0,0,0.0,5,0.6,816,98.3,0,0.0,0,0.0,0,0.0,0,0.0
610195,Elizabeth H Sutherland Elementary School,Network 10, 557 ,162,29.1,349,62.7,0,0.0,0,0.0,32,5.7,11,2.0,3,0.5,0,0.0,0,0.0
609908,Esmond Elementary School,Network 10, 280 ,1,0.4,277,98.9,0,0.0,0,0.0,2,0.7,0,0.0,0,0.0,0,0.0,0,0.0
610057,Fairfield Elementary Academy,Network 10, 576 ,4,0.7,118,20.5,0,0.0,4,0.7,444,77.1,6,1.0,0,0.0,0,0.0,0,0.0
610067,Francis M McKay Elementary School,Network 10, 802 ,7,0.9,607,75.7,0,0.0,2,0.2,184,22.9,2,0.3,0,0.0,0,0.0,0,0.0
609849,George F Cassell Elementary School,Network 10, 411 ,289,70.3,37,9.0,0,0.0,2,0.5,67,16.3,11,2.7,4,1.0,1,0.2,0,0.0
609741,Gurdon S Hubbard High School,Network 10," 1,777 ",37,2.1,121,6.8,0,0.0,5,0.3,1608,90.5,3,0.2,3,0.2,0,0.0,0,0.0
609861,Henry R Clissold Elementary School,Network 10, 509 ,134,26.3,322,63.3,0,0.0,1,0.2,38,7.5,7,1.4,6,1.2,1,0.2,0,0.0
609893,John C Dore Elementary School,Network 10, 715 ,204,28.5,25,3.5,0,0.0,2,0.3,476,66.6,3,0.4,5,0.7,0,0.0,0,0.0
609898,John F Eberhart Elementary School,Network 10," 1,377 ",29,2.1,39,2.8,0,0.0,2,0.1,1303,94.6,4,0.3,0,0.0,0,0.0,0,0.0
609718,John F Kennedy High School,Network 10," 1,690 ",351,20.8,65,3.8,0,0.0,18,1.1,1233,73.0,10,0.6,10,0.6,2,0.1,1,0.1
610207,John H Vanderpoel Elementary Magnet School,Network 10, 280 ,1,0.4,277,98.9,0,0.0,0,0.0,2,0.7,0,0.0,0,0.0,0,0.0,0,0.0
610016,Kate S Kellogg Elementary School,Network 10, 257 ,18,7.0,213,82.9,0,0.0,3,1.2,10,3.9,13,5.1,0,0.0,0,0.0,0,0.0
609807,Lionel Hampton Fine & Performing Arts ES,Network 10, 539 ,5,0.9,236,43.8,0,0.0,3,0.6,294,54.5,1,0.2,0,0.0,0,0.0,0,0.0
610206,Mark Twain Elementary School,Network 10," 1,131 ",154,13.6,14,1.2,0,0.0,1,0.1,953,84.3,3,0.3,6,0.5,0,0.0,0,0.0
609832,Michael M Byrne Elementary School,Network 10, 673 ,234,34.8,9,1.3,0,0.0,3,0.4,423,62.9,4,0.6,0,0.0,0,0.0,0,0.0
609725,Morgan Park High School,Network 10," 1,268 ",4,0.3,1241,97.9,0,0.0,1,0.1,12,0.9,8,0.6,1,0.1,1,0.1,0,0.0
609960,Nathan Hale Elementary School,Network 10, 932 ,221,23.7,14,1.5,0,0.0,3,0.3,681,73.1,4,0.4,9,1.0,0,0.0,0,0.0
609981,Phoebe Apperson Hearst Elementary School,Network 10, 359 ,6,1.7,136,37.9,0,0.0,1,0.3,210,58.5,4,1.1,1,0.3,1,0.3,0,0.0
610588,Robert J. Richardson Middle School,Network 10," 1,211 ",33,2.7,8,0.7,0,0.0,12,1.0,1149,94.9,2,0.2,7,0.6,0,0.0,0,0.0
609956,Robert L Grimes Elementary School,Network 10, 455 ,35,7.7,9,2.0,0,0.0,1,0.2,405,89.0,4,0.9,1,0.2,0,0.0,0,0.0
610558,Sarah E. Goode STEM Academy,Network 10, 900 ,7,0.8,459,51.0,0,0.0,5,0.6,420,46.7,6,0.7,2,0.2,1,0.1,0,0.0
610109,William Bishop Owen Scholastic Academy ES,Network 10, 268 ,1,0.4,245,91.4,0,0.0,0,0.0,20,7.5,2,0.8,0,0.0,0,0.0,0,0.0
609698,William J Bogan High School,Network 10, 781 ,4,0.5,391,50.1,0,0.0,1,0.1,381,48.8,2,0.3,1,0.1,1,0.1,0,0.0
609869,Anna R. Langford Community Academy,Network 11, 267 ,0,0.0,256,95.9,0,0.0,0,0.0,10,3.7,1,0.4,0,0.0,0,0.0,0,0.0
610037,Arthur A Libby Elementary School,Network 11, 354 ,0,0.0,245,69.2,0,0.0,0,0.0,106,29.9,3,0.9,0,0.0,0,0.0,0,0.0
609941,Asa Philip Randolph Elementary School,Network 11, 509 ,1,0.2,465,91.4,0,0.0,0,0.0,43,8.4,0,0.0,0,0.0,0,0.0,0,0.0
610290,Benjamin E Mays Elementary Academy,Network 11, 371 ,0,0.0,365,98.4,0,0.0,0,0.0,3,0.8,1,0.3,0,0.0,0,0.0,2,0.5
610238,Carrie Jacobs Bond Elementary School,Network 11, 291 ,3,1.0,284,97.6,0,0.0,0,0.0,4,1.4,0,0.0,0,0.0,0,0.0,0,0.0
609986,Charles R Henderson Elementary School,Network 11, 275 ,1,0.4,240,87.3,0,0.0,0,0.0,33,12.0,1,0.4,0,0.0,0,0.0,0,0.0
609897,Charles W Earle Elementary School,Network 11, 416 ,0,0.0,387,93.0,0,0.0,2,0.5,22,5.3,3,0.7,0,0.0,2,0.5,0,0.0
609790,Clara Barton Elementary School,Network 11, 389 ,3,0.8,371,95.4,0,0.0,0,0.0,9,2.3,6,1.5,0,0.0,0,0.0,0,0.0
609748,Consuella B York Alternative HS,Network 11, 210 ,6,2.9,167,79.5,0,0.0,3,1.4,34,16.2,0,0.0,0,0.0,0,0.0,0,0.0
610223,Daniel S Wentworth Elementary School,Network 11, 449 ,0,0.0,439,97.8,0,0.0,1,0.2,8,1.8,1,0.2,0,0.0,0,0.0,0,0.0
610299,Dr. Martin L. King Jr Academy of Social Justice,Network 11, 244 ,0,0.0,243,99.6,0,0.0,0,0.0,0,0.0,1,0.4,0,0.0,0,0.0,0,0.0
609924,Fort Dearborn Elementary School,Network 11, 367 ,0,0.0,366,99.7,0,0.0,0,0.0,1,0.3,0,0.0,0,0.0,0,0.0,0,0.0
609927,Foster Park Elementary School,Network 11, 360 ,0,0.0,339,94.2,0,0.0,0,0.0,9,2.5,2,0.6,1,0.3,0,0.0,9,2.5
610112,Francis W Parker Elementary Community Academy,Network 11, 491 ,0,0.0,481,98.0,0,0.0,0,0.0,9,1.8,1,0.2,0,0.0,0,0.0,0,0.0
609768,Hope College Preparatory High School,Network 11, 95 ,3,3.2,75,78.9,0,0.0,0,0.0,16,16.8,1,1.1,0,0.0,0,0.0,0,0.0
610173,Jesse Sherwood Elementary School,Network 11, 335 ,1,0.3,322,96.1,0,0.0,0,0.0,12,3.6,0,0.0,0,0.0,0,0.0,0,0.0
609864,John W Cook Elementary School,Network 11, 383 ,0,0.0,374,97.7,0,0.0,0,0.0,7,1.8,2,0.5,0,0.0,0,0.0,0,0.0
610019,Joshua D Kershaw Elementary School,Network 11, 265 ,2,0.8,257,97.0,0,0.0,0,0.0,6,2.3,0,0.0,0,0.0,0,0.0,0,0.0
609793,Lillian R. Nicholson STEM Academy,Network 11, 472 ,0,0.0,452,95.8,0,0.0,0,0.0,17,3.6,2,0.4,1,0.2,0,0.0,0,0.0
610108,Luke O'Toole Elementary School,Network 11, 357 ,0,0.0,317,88.8,0,0.0,0,0.0,32,9.0,5,1.4,1,0.3,1,0.3,1,0.3
610369,Mahalia Jackson Elementary School,Network 11, 354 ,0,0.0,347,98.0,0,0.0,1,0.3,4,1.1,2,0.6,0,0.0,0,0.0,0,0.0
610362,Medgar Evers Elementary School,Network 11, 279 ,0,0.0,274,98.2,0,0.0,0,0.0,5,1.8,0,0.0,0,0.0,0,0.0,0,0.0
609783,Nancy B Jefferson Alternative HS,Network 11, 213 ,3,1.4,173,81.2,0,0.0,0,0.0,36,16.9,0,0.0,1,0.5,0,0.0,0,0.0
610300,Oliver S Westcott Elementary School,Network 11, 399 ,1,0.3,393,98.5,0,0.0,1,0.3,3,0.8,1,0.3,0,0.0,0,0.0,0,0.0
609997,Oliver Wendell Holmes Elementary School,Network 11, 163 ,1,0.6,156,95.7,0,0.0,0,0.0,5,3.1,1,0.6,0,0.0,0,0.0,0,0.0
610003,Paul Cuffe Math-Science Technology Academy ES,Network 11, 319 ,0,0.0,312,97.8,0,0.0,0,0.0,7,2.2,0,0.0,0,0.0,0,0.0,0,0.0
609707,Paul Robeson High School,Network 11, 128 ,0,0.0,125,97.7,0,0.0,0,0.0,1,0.8,1,0.8,1,0.8,0,0.0,0,0.0
609791,Perkins Bass Elementary School,Network 11, 447 ,0,0.0,437,97.8,0,0.0,0,0.0,9,2.0,0,0.0,1,0.2,0,0.0,0,0.0
610102,Richard J Oglesby Elementary School,Network 11, 489 ,0,0.0,488,99.8,0,0.0,0,0.0,0,0.0,1,0.2,0,0.0,0,0.0,0,0.0
609929,Robert Fulton Elementary School,Network 11, 335 ,3,0.9,118,35.2,0,0.0,2,0.6,210,62.7,1,0.3,1,0.3,0,0.0,0,0.0
610391,Robert Lindblom Math & Science Academy HS,Network 11," 1,325 ",33,2.5,935,70.6,0,0.0,3,0.2,325,24.5,11,0.8,13,1.0,0,0.0,5,0.4
610027,Rudyard Kipling Elementary School,Network 11, 295 ,1,0.3,286,96.9,0,0.0,0,0.0,6,2.0,2,0.7,0,0.0,0,0.0,0,0.0
609805,Scott Joplin Elementary School,Network 11, 411 ,0,0.0,403,98.1,0,0.0,1,0.2,5,1.2,1,0.2,1,0.2,0,0.0,0,0.0
610521,Sir Miles Davis Magnet Elementary Academy,Network 11, 250 ,0,0.0,232,92.8,0,0.0,0,0.0,17,6.8,1,0.4,0,0.0,0,0.0,0,0.0
610506,TEAM Englewood Community Academy High School,Network 11, 92 ,0,0.0,91,98.9,0,0.0,0,0.0,1,1.1,0,0.0,0,0.0,0,0.0,0,0.0
609895,Turner-Drew Elementary Language Academy,Network 11, 248 ,0,0.0,246,99.2,0,0.0,0,0.0,2,0.8,0,0.0,0,0.0,0,0.0,0,0.0
610032,Wendell E Green Elementary School,Network 11, 368 ,0,0.0,358,97.3,0,0.0,0,0.0,3,0.8,5,1.4,1,0.3,1,0.3,0,0.0
610153,William H Ryder Math & Science Specialty ES,Network 11, 401 ,0,0.0,401,100.0,0,0.0,0,0.0,0,0.0,0,0.0,0,0.0,0,0.0,0,0.0
609711,William Rainey Harper High School,Network 11, 134 ,0,0.0,129,96.3,0,0.0,0,0.0,4,3.0,1,0.8,0,0.0,0,0.0,0,0.0
610281,Adam Clayton Powell Paideia Community Academy ES,Network 12, 598 ,2,0.3,578,96.7,0,0.0,0,0.0,14,2.3,3,0.5,1,0.2,0,0.0,0,0.0
610316,Amelia Earhart Options for Knowledge ES,Network 12, 239 ,0,0.0,229,95.8,0,0.0,0,0.0,6,2.5,4,1.7,0,0.0,0,0.0,0,0.0
610171,Arnold Mireles Elementary Academy,Network 12, 535 ,9,1.7,270,50.5,0,0.0,2,0.4,251,46.9,2,0.4,0,0.0,1,0.2,0,0.0
609887,Arthur Dixon Elementary School,Network 12, 567 ,0,0.0,560,98.8,0,0.0,0,0.0,7,1.2,0,0.0,0,0.0,0,0.0,0,0.0
610268,Arthur R Ashe Elementary School,Network 12, 322 ,0,0.0,316,98.1,0,0.0,0,0.0,6,1.9,0,0.0,0,0.0,0,0.0,0,0.0
609786,Avalon Park Elementary School,Network 12, 296 ,2,0.7,292,98.6,0,0.0,0,0.0,0,0.0,1,0.3,0,0.0,1,0.3,0,0.0
610323,Bowen High School,Network 12, 297 ,2,0.7,232,78.1,0,0.0,0,0.0,62,20.9,1,0.3,0,0.0,0,0.0,0,0.0
609827,Burnside Elementary Scholastic Academy,Network 12, 464 ,0,0.0,456,98.3,0,0.0,0,0.0,8,1.7,0,0.0,0,0.0,0,0.0,0,0.0
609833,Charles P Caldwell Academy of Math & Science ES,Network 12, 268 ,1,0.4,265,98.9,0,0.0,0,0.0,1,0.4,1,0.4,0,0.0,0,0.0,0,0.0
609813,Charles S Brownell Elementary School,Network 12, 216 ,1,0.5,211,97.7,0,0.0,0,0.0,3,1.4,1,0.5,0,0.0,0,0.0,0,0.0
609674,Chicago Vocational Career Academy High School,Network 12, 880 ,1,0.1,852,96.8,0,0.0,4,0.5,19,2.2,3,0.3,0,0.0,0,0.0,1,0.1
609815,Edward A Bouchet Math & Science Academy ES,Network 12, 612 ,0,0.0,601,98.2,0,0.0,3,0.5,5,0.8,2,0.3,1,0.2,0,0.0,0,0.0
609862,Edward Coles Elementary Language Academy,Network 12, 434 ,0,0.0,426,98.2,0,0.0,1,0.2,5,1.2,1,0.2,1,0.2,0,0.0,0,0.0
609712,Emil G Hirsch Metropolitan High School,Network 12, 137 ,0,0.0,135,98.5,0,0.0,1,0.7,1,0.7,0,0.0,0,0.0,0,0.0,0,0.0
610124,Harold Washington Elementary School,Network 12, 315 ,0,0.0,314,99.7,0,0.0,0,0.0,1,0.3,0,0.0,0,0.0,0,0.0,0,0.0
610279,Henry O Tanner Elementary School,Network 12, 345 ,1,0.3,334,96.8,0,0.0,1,0.3,7,2.0,1,0.3,0,0.0,0,0.0,1,0.3
610052,Horace Mann Elementary School,Network 12, 350 ,1,0.3,342,97.7,0,0.0,0,0.0,6,1.7,1,0.3,0,0.0,0,0.0,0,0.0
610066,James E McDade Elementary Classical School,Network 12, 195 ,4,2.1,174,89.2,0,0.0,0,0.0,2,1.0,9,4.6,6,3.1,0,0.0,0,0.0
610047,James Madison Elementary School,Network 12, 244 ,1,0.4,236,96.7,0,0.0,0,0.0,7,2.9,0,0.0,0,0.0,0,0.0,0,0.0
610200,James N Thorp Elementary School,Network 12, 325 ,5,1.5,251,77.2,0,0.0,1,0.3,66,20.3,2,0.6,0,0.0,0,0.0,0,0.0
610093,Jane A Neil Elementary School,Network 12, 264 ,1,0.4,261,98.9,0,0.0,0,0.0,2,0.8,0,0.0,0,0.0,0,0.0,0,0.0
609710,John M Harlan Community Academy High School,Network 12, 386 ,1,0.3,382,99.0,0,0.0,1,0.3,1,0.3,1,0.3,0,0.0,0,0.0,0,0.0
610130,John T Pirie Fine Arts & Academic Center ES,Network 12, 261 ,1,0.4,255,97.7,0,0.0,0,0.0,2,0.8,3,1.2,0,0.0,0,0.0,0,0.0
610218,Joseph Warren Elementary School,Network 12, 236 ,0,0.0,233,98.7,0,0.0,0,0.0,2,0.8,0,0.0,0,0.0,1,0.4,0,0.0
610152,Martha Ruggles Elementary School,Network 12, 415 ,0,0.0,408,98.3,0,0.0,0,0.0,5,1.2,0,0.0,1,0.2,1,0.2,0,0.0
609961,Ninos Heroes Elementary Academic Center,Network 12, 372 ,2,0.5,317,85.2,0,0.0,1,0.3,51,13.7,1,0.3,0,0.0,0,0.0,0,0.0
610115,Park Manor Elementary School,Network 12, 294 ,0,0.0,288,98.0,0,0.0,1,0.3,3,1.0,1,0.3,1,0.3,0,0.0,0,0.0
610116,Parkside Elementary Community Academy,Network 12, 240 ,1,0.4,234,97.5,0,0.0,0,0.0,3,1.3,2,0.8,0,0.0,0,0.0,0,0.0
610146,Paul Revere Elementary School,Network 12, 241 ,0,0.0,238,98.8,0,0.0,0,0.0,2,0.8,1,0.4,0,0.0,0,0.0,0,0.0
610350,Robert A Black Magnet Elementary School,Network 12, 439 ,1,0.2,432,98.4,0,0.0,0,0.0,6,1.4,0,0.0,0,0.0,0,0.0,0,0.0
610530,South Shore Fine Arts Academy,Network 12, 396 ,0,0.0,375,94.7,0,0.0,1,0.3,15,3.8,5,1.3,0,0.0,0,0.0,0,0.0
610547,South Shore Intl College Prep High School,Network 12, 649 ,0,0.0,622,95.8,0,0.0,0,0.0,18,2.8,8,1.2,1,0.2,0,0.0,0,0.0
610178,Theophilus Schmid Elementary School,Network 12, 191 ,0,0.0,187,97.9,0,0.0,1,0.5,3,1.6,0,0.0,0,0.0,0,0.0,0,0.0
610002,Thomas Hoyne Elementary School,Network 12, 253 ,0,0.0,245,96.8,0,0.0,0,0.0,7,2.8,1,0.4,0,0.0,0,0.0,0,0.0
610193,William K New Sullivan Elementary School,Network 12, 512 ,7,1.4,380,74.2,0,0.0,0,0.0,123,24.0,2,0.4,0,0.0,0,0.0,0,0.0
609808,Alex Haley Elementary Academy,Network 13, 541 ,2,0.4,534,98.7,0,0.0,0,0.0,5,0.9,0,0.0,0,0.0,0,0.0,0,0.0
609705,Christian Fenger Academy High School,Network 13, 251 ,0,0.0,245,97.6,0,0.0,0,0.0,3,1.2,2,0.8,0,0.0,1,0.4,0,0.0
610004,Countee Cullen Elementary School,Network 13, 186 ,0,0.0,180,96.8,0,0.0,1,0.5,2,1.1,3,1.6,0,0.0,0,0.0,0,0.0
610198,Douglas Taylor Elementary School,Network 13, 444 ,14,3.2,40,9.0,0,0.0,2,0.5,386,86.9,2,0.5,0,0.0,0,0.0,0,0.0
610188,Dunne Technology Academy,Network 13, 258 ,0,0.0,255,98.8,0,0.0,0,0.0,1,0.4,0,0.0,0,0.0,0,0.0,2,0.8
610132,Edgar Allan Poe Elementary Classical School,Network 13, 208 ,5,2.4,185,88.9,0,0.0,0,0.0,11,5.3,3,1.4,3,1.4,1,0.5,0,0.0
610315,Edward White Elementary Career Academy,Network 13, 162 ,0,0.0,160,98.8,0,0.0,0,0.0,2,1.2,0,0.0,0,0.0,0,0.0,0,0.0
609917,Fernwood Elementary School,Network 13, 301 ,0,0.0,299,99.3,0,0.0,0,0.0,1,0.3,0,0.0,0,0.0,1,0.3,0,0.0
609800,Frank I Bennett Elementary School,Network 13, 308 ,1,0.3,302,98.1,0,0.0,0,0.0,1,0.3,4,1.3,0,0.0,0,0.0,0,0.0
609761,George H Corliss High School,Network 13, 310 ,0,0.0,305,98.4,0,0.0,1,0.3,4,1.3,0,0.0,0,0.0,0,0.0,0,0.0
610139,George M Pullman Elementary School,Network 13, 390 ,3,0.8,317,81.3,0,0.0,0,0.0,67,17.2,3,0.8,0,0.0,0,0.0,0,0.0
609845,George Washington Carver Primary School,Network 13, 493 ,1,0.2,484,98.2,0,0.0,0,0.0,7,1.4,1,0.2,0,0.0,0,0.0,0,0.0
610219,George Washington Elementary School,Network 13, 873 ,59,6.8,9,1.0,0,0.0,2,0.2,795,91.1,4,0.5,4,0.5,0,0.0,0,0.0
609739,George Washington High School,Network 13," 1,436 ",78,5.4,77,5.4,0,0.0,13,0.9,1259,87.7,5,0.4,3,0.2,1,0.1,0,0.0
609726,Gwendolyn Brooks College Preparatory Academy HS,Network 13, 961 ,7,0.7,765,79.6,0,0.0,2,0.2,176,18.3,7,0.7,1,0.1,2,0.2,1,0.1
609856,Henry Clay Elementary School,Network 13, 618 ,54,8.7,72,11.7,0,0.0,6,1.0,471,76.2,13,2.1,1,0.2,0,0.0,1,0.2
609848,Ira F Aldridge Elementary School,Network 13, 199 ,0,0.0,193,97.0,0,0.0,0,0.0,5,2.5,1,0.5,0,0.0,0,0.0,0,0.0
609943,Jesse Owens Elementary Community Academy,Network 13, 397 ,0,0.0,384,96.7,0,0.0,0,0.0,10,2.5,1,0.3,0,0.0,2,0.5,0,0.0
610176,John D Shoop Math-Science Technical Academy ES,Network 13, 430 ,1,0.2,409,95.1,0,0.0,4,0.9,14,3.3,2,0.5,0,0.0,0,0.0,0,0.0
610054,John L Marsh Elementary School,Network 13, 751 ,5,0.7,53,7.1,0,0.0,0,0.0,690,91.9,0,0.0,1,0.1,2,0.3,0,0.0
610225,John Whistler Elementary School,Network 13, 344 ,2,0.6,338,98.3,0,0.0,0,0.0,4,1.2,0,0.0,0,0.0,0,0.0,0,0.0
610199,Johnnie Colemon Elementary Academy,Network 13, 251 ,0,0.0,232,92.4,0,0.0,0,0.0,17,6.8,0,0.0,2,0.8,0,0.0,0,0.0
610368,Langston Hughes Elementary School,Network 13, 470 ,1,0.2,450,95.7,0,0.0,0,0.0,16,3.4,3,0.6,0,0.0,0,0.0,0,0.0
610128,Marcus Moziah Garvey Elementary School,Network 13, 250 ,0,0.0,247,98.8,0,0.0,0,0.0,2,0.8,1,0.4,0,0.0,0,0.0,0,0.0
609935,Matthew Gallistel Elementary Language Academy,Network 13, 793 ,11,1.4,23,2.9,0,0.0,1,0.1,757,95.5,1,0.1,0,0.0,0,0.0,0,0.0
610208,Mildred I Lavizzo Elementary School,Network 13, 357 ,0,0.0,349,97.8,0,0.0,1,0.3,7,2.0,0,0.0,0,0.0,0,0.0,0,0.0
610086,Mount Vernon Elementary School,Network 13, 232 ,0,0.0,230,99.1,0,0.0,0,0.0,1,0.4,1,0.4,0,0.0,0,0.0,0,0.0
609811,Orville T Bright Elementary School,Network 13, 282 ,4,1.4,193,68.4,0,0.0,0,0.0,84,29.8,1,0.4,0,0.0,0,0.0,0,0.0
609762,Percy L Julian High School,Network 13, 516 ,0,0.0,510,98.8,0,0.0,0,0.0,5,1.0,1,0.2,0,0.0,0,0.0,0,0.0
609902,Ralph H Metcalfe Elementary Community Academy,Network 13, 387 ,0,0.0,376,97.2,0,0.0,0,0.0,11,2.8,0,0.0,0,0.0,0,0.0,0,0.0
610091,Ronald Brown Elementary Community Academy,Network 13, 321 ,0,0.0,320,99.7,0,0.0,1,0.3,0,0.0,0,0.0,0,0.0,0,0.0,0,0.0
610586,Southeast Area Elementary School,Network 13, 518 ,8,1.5,11,2.1,0,0.0,3,0.6,496,95.8,0,0.0,0,0.0,0,0.0,0,0.0
610295,Thomas J Higgins Elementary Community Academy,Network 13, 268 ,0,0.0,260,97.0,0,0.0,1,0.4,6,2.2,1,0.4,0,0.0,0,0.0,0,0.0
609978,Wendell Smith Elementary School,Network 13, 360 ,0,0.0,359,99.7,0,0.0,0,0.0,1,0.3,0,0.0,0,0.0,0,0.0,0,0.0
610364,William E B Dubois Elementary School,Network 13, 235 ,2,0.9,227,96.6,0,0.0,1,0.4,2,0.9,3,1.3,0,0.0,0,0.0,0,0.0
610339,Amos Alonzo Stagg Elementary School,AUSL, 416 ,0,0.0,405,97.4,0,0.0,0,0.0,9,2.2,1,0.2,1,0.2,0,0.0,0,0.0
610106,Brian Piccolo Elementary Specialty School,AUSL, 598 ,3,0.5,294,49.2,0,0.0,1,0.2,296,49.5,4,0.7,0,0.0,0,0.0,0,0.0
609883,Charles S Deneen Elementary School,AUSL, 524 ,5,1.0,503,96.0,0,0.0,0,0.0,11,2.1,0,0.0,1,0.2,0,0.0,4,0.8
610248,Chicago Academy Elementary School,AUSL, 602 ,136,22.6,16,2.7,0,0.0,1,0.2,418,69.4,4,0.7,24,4.0,3,0.5,0,0.0
610340,Chicago Academy High School,AUSL, 542 ,107,19.7,65,12.0,0,0.0,2,0.4,334,61.6,5,0.9,28,5.2,1,0.2,0,0.0
610499,Collins Academy High School,AUSL, 260 ,0,0.0,255,98.1,0,0.0,0,0.0,4,1.5,0,0.0,0,0.0,1,0.4,0,0.0
609885,Dewey Elementary Academy of Fine Arts,AUSL, 420 ,1,0.2,387,92.1,0,0.0,0,0.0,30,7.1,1,0.2,0,0.0,1,0.2,0,0.0
610254,Dvorak Technology Academy,AUSL, 383 ,1,0.3,377,98.4,0,0.0,0,0.0,3,0.8,1,0.3,0,0.0,0,0.0,1,0.3
610543,Eric Solorio Academy High School,AUSL," 1,190 ",9,0.8,56,4.7,0,0.0,4,0.3,1116,93.8,4,0.3,0,0.0,0,0.0,1,0.1
609900,George W Curtis Elementary School,AUSL, 520 ,1,0.2,490,94.2,0,0.0,1,0.2,24,4.6,3,0.6,0,0.0,0,0.0,1,0.2
610103,Isabelle C O'Keeffe Elementary School,AUSL, 662 ,3,0.5,634,95.8,0,0.0,2,0.3,13,2.0,9,1.4,0,0.0,1,0.2,0,0.0
610274,James Weldon Johnson Elementary School,AUSL, 428 ,2,0.5,411,96.0,0,0.0,1,0.2,12,2.8,2,0.5,0,0.0,0,0.0,0,0.0
610263,John Foster Dulles Elementary School,AUSL, 660 ,2,0.3,640,97.0,0,0.0,0,0.0,13,2.0,4,0.6,0,0.0,1,0.2,0,0.0
609971,John Harvard Elementary School of Excellence,AUSL, 392 ,1,0.3,387,98.7,0,0.0,0,0.0,3,0.8,1,0.3,0,0.0,0,0.0,0,0.0
610000,Julia Ward Howe Elementary School of Excellence,AUSL, 481 ,0,0.0,465,96.7,0,0.0,0,0.0,15,3.1,1,0.2,0,0.0,0,0.0,0,0.0
610036,Leslie Lewis Elementary School,AUSL, 486 ,3,0.6,343,70.6,0,0.0,0,0.0,133,27.4,3,0.6,2,0.4,1,0.2,1,0.2
610053,Marquette Elementary School,AUSL," 1,171 ",10,0.9,415,35.4,0,0.0,3,0.3,739,63.1,4,0.3,0,0.0,0,0.0,0,0.0
609928,Melville W Fuller Elementary School,AUSL, 375 ,0,0.0,369,98.4,0,0.0,0,0.0,4,1.1,1,0.3,0,0.0,0,0.0,1,0.3
610257,Morton School of Excellence,AUSL, 310 ,0,0.0,283,91.3,0,0.0,0,0.0,26,8.4,1,0.3,0,0.0,0,0.0,0,0.0
609806,Myra Bradwell Communications Arts & Sciences ES,AUSL, 489 ,2,0.4,481,98.4,0,0.0,0,0.0,4,0.8,2,0.4,0,0.0,0,0.0,0,0.0
610231,National Teachers Elementary Academy,AUSL, 723 ,53,7.3,566,78.3,0,0.0,4,0.6,49,6.8,17,2.4,31,4.3,3,0.4,0,0.0
610389,Orr Academy High School,AUSL, 277 ,1,0.4,231,83.4,0,0.0,0,0.0,45,16.2,0,0.0,0,0.0,0,0.0,0,0.0
610021,Pablo Casals Elementary School,AUSL, 437 ,2,0.5,199,45.5,0,0.0,0,0.0,234,53.5,2,0.5,0,0.0,0,0.0,0,0.0
610282,Ronald E McNair Elementary School,AUSL, 399 ,1,0.3,327,82.0,0,0.0,1,0.3,64,16.0,5,1.3,1,0.3,0,0.0,0,0.0
610396,Tarkington School of Excellence ES,AUSL, 997 ,5,0.5,202,20.3,0,0.0,4,0.4,783,78.5,0,0.0,1,0.1,2,0.2,0,0.0
609991,Theodore Herzl Elementary School,AUSL, 589 ,2,0.3,572,97.1,0,0.0,0,0.0,12,2.0,2,0.3,0,0.0,1,0.2,0,0.0
609851,Thomas Chalmers Specialty Elementary School,AUSL, 377 ,0,0.0,355,94.2,0,0.0,1,0.3,16,4.2,3,0.8,0,0.0,1,0.3,1,0.3
609955,Walter Q Gresham Elementary School,AUSL, 325 ,0,0.0,318,97.8,0,0.0,0,0.0,4,1.2,3,0.9,0,0.0,0,0.0,0,0.0
609727,Wendell Phillips Academy High School,AUSL, 634 ,1,0.2,622,98.1,0,0.0,0,0.0,8,1.3,0,0.0,0,0.0,1,0.2,2,0.3
610172,William T Sherman Elementary School,AUSL, 257 ,0,0.0,235,91.4,0,0.0,0,0.0,22,8.6,0,0.0,0,0.0,0,0.0,0,0.0
609844,William W Carter Elementary School,AUSL, 433 ,0,0.0,427,98.6,0,0.0,0,0.0,6,1.4,0,0.0,0,0.0,0,0.0,0,0.0
610342,Albert R Sabin Elementary Magnet School,ISP, 585 ,13,2.2,136,23.2,0,0.0,2,0.3,423,72.3,4,0.7,6,1.0,1,0.2,0,0.0
610098,Alfred Nobel Elementary School,ISP, 775 ,11,1.4,92,11.9,0,0.0,4,0.5,667,86.1,1,0.1,0,0.0,0,0.0,0,0.0
609837,Andrew Carnegie Elementary School,ISP, 635 ,2,0.3,621,97.8,0,0.0,0,0.0,9,1.4,1,0.2,1,0.2,1,0.2,0,0.0
609951,Ariel Elementary Community Academy,ISP, 523 ,1,0.2,514,98.3,0,0.0,0,0.0,6,1.1,2,0.4,0,0.0,0,0.0,0,0.0
609820,Augustus H Burley Elementary School,ISP, 533 ,328,61.5,16,3.0,0,0.0,1,0.2,112,21.0,34,6.4,42,7.9,0,0.0,0,0.0
610563,Back of the Yards IB HS,ISP," 1,061 ",15,1.4,33,3.1,0,0.0,2,0.2,954,89.9,0,0.0,56,5.3,1,0.1,0,0.0
609764,Benito Juarez Community Academy High School,ISP," 1,734 ",12,0.7,58,3.3,0,0.0,6,0.3,1639,94.5,3,0.2,5,0.3,0,0.0,11,0.6
610076,Bernhard Moos Elementary School,ISP, 465 ,14,3.0,63,13.5,0,0.0,0,0.0,380,81.7,5,1.1,3,0.6,0,0.0,0,0.0
609821,Burnham Elementary Inclusive Academy,ISP, 522 ,2,0.4,501,96.0,0,0.0,0,0.0,16,3.1,1,0.2,1,0.2,1,0.2,0,0.0
610039,Carl von Linne Elementary School,ISP, 665 ,53,8.0,13,2.0,0,0.0,5,0.8,571,85.9,6,0.9,11,1.7,6,0.9,0,0.0
610148,Cesar E Chavez Multicultural Academic Center ES,ISP, 966 ,7,0.7,25,2.6,0,0.0,5,0.5,929,96.2,0,0.0,0,0.0,0,0.0,0,0.0
610366,Charles H Wacker Elementary School,ISP, 298 ,0,0.0,295,99.0,0,0.0,0,0.0,1,0.3,1,0.3,1,0.3,0,0.0,0,0.0
609875,Charles R Darwin Elementary School,ISP, 518 ,31,6.0,36,6.9,0,0.0,2,0.4,438,84.6,5,1.0,5,1.0,1,0.2,0,0.0
609753,Chicago High School for Agricultural Sciences,ISP, 718 ,267,37.2,297,41.4,0,0.0,7,1.0,130,18.1,13,1.8,2,0.3,2,0.3,0,0.0
609899,Christian Ebinger Elementary School,ISP, 832 ,673,80.9,10,1.2,0,0.0,2,0.2,112,13.5,14,1.7,20,2.4,1,0.1,0,0.0
609863,Christopher Columbus Elementary School,ISP, 284 ,193,68.0,18,6.3,0,0.0,0,0.0,63,22.2,6,2.1,4,1.4,0,0.0,0,0.0
610402,DeVry University Advantage Academy HS,ISP, 193 ,18,9.3,65,33.7,0,0.0,2,1.0,89,46.1,5,2.6,14,7.3,0,0.0,0,0.0
610533,Dr Jorge Prieto Math and Science,ISP, 999 ,5,0.5,27,2.7,0,0.0,2,0.2,961,96.2,1,0.1,1,0.1,2,0.2,0,0.0
610073,Ellen Mitchell Elementary School,ISP, 400 ,145,36.3,49,12.3,0,0.0,1,0.3,192,48.0,7,1.8,6,1.5,0,0.0,0,0.0
609973,Emiliano Zapata Elementary Academy,ISP, 773 ,1,0.1,1,0.1,0,0.0,0,0.0,771,99.7,0,0.0,0,0.0,0,0.0,0,0.0
610203,Enrico Tonti Elementary School,ISP," 1,048 ",12,1.1,16,1.5,0,0.0,3,0.3,1006,96.0,1,0.1,1,0.1,0,0.0,9,0.9
610541,Federico Garcia Lorca Elementary School,ISP, 830 ,43,5.2,8,1.0,0,0.0,1,0.1,774,93.3,2,0.2,1,0.1,1,0.1,0,0.0
610120,Ferdinand Peck Elementary School,ISP, 943 ,10,1.1,5,0.5,0,0.0,0,0.0,915,97.0,2,0.2,4,0.4,0,0.0,7,0.7
609939,Frank L Gillespie Elementary School,ISP, 494 ,2,0.4,480,97.2,0,0.0,0,0.0,11,2.2,1,0.2,0,0.0,0,0.0,0,0.0
609958,Frank W Gunsaulus Elementary Scholastic Academy,ISP, 810 ,7,0.9,22,2.7,0,0.0,3,0.4,753,93.0,6,0.7,18,2.2,1,0.1,0,0.0
609926,Franklin Elementary Fine Arts Center,ISP, 372 ,110,29.6,149,40.1,0,0.0,1,0.3,69,18.5,12,3.2,31,8.3,0,0.0,0,0.0
610062,George B McClellan Elementary School,ISP, 339 ,45,13.3,146,43.1,0,0.0,2,0.6,113,33.3,5,1.5,25,7.4,3,0.9,0,0.0
610040,Henry D Lloyd Elementary School,ISP," 1,097 ",11,1.0,25,2.3,0,0.0,2,0.2,1048,95.5,6,0.6,2,0.2,3,0.3,0,0.0
610390,Hyman G Rickover Naval Academy High School,ISP, 553 ,46,8.3,53,9.6,0,0.0,2,0.4,412,74.5,6,1.1,32,5.8,0,0.0,2,0.4
610217,James Ward Elementary School,ISP, 584 ,34,5.8,81,13.9,0,0.0,1,0.2,65,11.1,4,0.7,399,68.3,0,0.0,0,0.0
609772,Jane Addams Elementary School,ISP, 716 ,13,1.8,12,1.7,0,0.0,0,0.0,690,96.4,0,0.0,0,0.0,1,0.1,0,0.0
609789,John Barry Elementary School,ISP, 718 ,14,1.9,11,1.5,0,0.0,1,0.1,680,94.7,1,0.1,11,1.5,0,0.0,0,0.0
609829,John C Burroughs Elementary School,ISP, 476 ,10,2.1,8,1.7,0,0.0,0,0.0,451,94.7,2,0.4,3,0.6,1,0.2,1,0.2
610026,John H Kinzie Elementary School,ISP, 686 ,158,23.0,31,4.5,0,0.0,2,0.3,481,70.1,9,1.3,5,0.7,0,0.0,0,0.0
610242,Joseph Brennemann Elementary School,ISP, 443 ,12,2.7,289,65.2,0,0.0,3,0.7,101,22.8,17,3.8,20,4.5,1,0.2,0,0.0
610520,LaSalle II Magnet Elementary School,ISP, 590 ,173,29.3,130,22.0,0,0.0,1,0.2,235,39.8,32,5.4,16,2.7,3,0.5,0,0.0
610024,Lazaro Cardenas Elementary School,ISP, 555 ,1,0.2,26,4.7,0,0.0,1,0.2,524,94.4,3,0.5,0,0.0,0,0.0,0,0.0
610298,Lenart Elementary Regional Gifted Center,ISP, 284 ,39,13.7,170,59.9,0,0.0,1,0.4,15,5.3,12,4.2,46,16.2,1,0.4,0,0.0
609738,Lincoln Park High School,ISP," 2,101 ",591,28.1,450,21.4,0,0.0,8,0.4,730,34.7,67,3.2,246,11.7,2,0.1,7,0.3
609834,Little Village Elementary School,ISP, 786 ,1,0.1,4,0.5,0,0.0,1,0.1,780,99.2,0,0.0,0,0.0,0,0.0,0,0.0
609773,Louis A Agassiz Elementary School,ISP, 464 ,182,39.2,99,21.3,0,0.0,2,0.4,141,30.4,20,4.3,19,4.1,1,0.2,0,0.0
610117,Louis Pasteur Elementary School,ISP, 708 ,17,2.4,3,0.4,0,0.0,1,0.1,682,96.3,3,0.4,2,0.3,0,0.0,0,0.0
610197,Mancel Talcott Elementary School,ISP, 500 ,35,7.0,38,7.6,0,0.0,3,0.6,409,81.8,13,2.6,2,0.4,0,0.0,0,0.0
610544,Mariano Azuela Elementary School,ISP, 886 ,14,1.6,4,0.5,0,0.0,7,0.8,858,96.8,1,0.1,2,0.2,0,0.0,0,0.0
609780,Marine Leadership Academy at Ames,ISP, 864 ,4,0.5,39,4.5,0,0.0,1,0.1,816,94.4,2,0.2,2,0.2,0,0.0,0,0.0
610177,Mark Skinner Elementary School,ISP," 1,094 ",263,24.0,342,31.3,1,0.1,21,1.9,125,11.4,37,3.4,264,24.1,6,0.5,35,3.2
610312,Mary E McDowell Elementary School,ISP, 154 ,0,0.0,148,96.1,0,0.0,0,0.0,5,3.2,1,0.7,0,0.0,0,0.0,0,0.0
610082,Mount Greenwood Elementary School,ISP," 1,125 ",938,83.4,15,1.3,0,0.0,0,0.0,147,13.1,15,1.3,6,0.5,4,0.4,0,0.0
609692,Neal F Simeon Career Academy High School,ISP," 1,336 ",1,0.1,1320,98.8,0,0.0,1,0.1,12,0.9,2,0.2,0,0.0,0,0.0,0,0.0
610201,Ole A Thorp Elementary Scholastic Academy,ISP, 849 ,277,32.6,82,9.7,0,0.0,9,1.1,410,48.3,24,2.8,33,3.9,7,0.8,7,0.8
610386,Peace & Education Coalition HS,ISP, 103 ,1,1.0,28,27.2,0,0.0,0,0.0,74,71.8,0,0.0,0,0.0,0,0.0,0,0.0
609842,Rachel Carson Elementary School,ISP," 1,094 ",3,0.3,24,2.2,0,0.0,5,0.5,1062,97.1,0,0.0,0,0.0,0,0.0,0,0.0
609903,Richard Edwards Elementary School,ISP," 1,544 ",28,1.8,14,0.9,0,0.0,5,0.3,1464,94.8,4,0.3,14,0.9,2,0.1,13,0.8
610291,Richard Henry Lee Elementary School,ISP, 862 ,23,2.7,7,0.8,0,0.0,1,0.1,826,95.8,0,0.0,5,0.6,0,0.0,0,0.0
609695,Roald Amundsen High School,ISP," 1,226 ",151,12.3,145,11.8,0,0.0,3,0.2,728,59.4,26,2.1,165,13.5,8,0.7,0,0.0
609826,Rosario Castellanos Elementary School,ISP, 601 ,1,0.2,23,3.8,0,0.0,1,0.2,573,95.3,1,0.2,2,0.3,0,0.0,0,0.0
609990,South Loop Elementary School,ISP, 780 ,193,24.7,354,45.4,0,0.0,10,1.3,76,9.7,34,4.4,93,11.9,10,1.3,10,1.3
609745,Southside Occupational Academy High School,ISP, 269 ,13,4.8,182,67.7,0,0.0,0,0.0,74,27.5,0,0.0,0,0.0,0,0.0,0,0.0
610249,Talman Elementary School,ISP, 435 ,1,0.2,7,1.6,0,0.0,0,0.0,419,96.3,0,0.0,0,0.0,0,0.0,8,1.8
610504,Velma F Thomas Early Childhood Center,ISP, 163 ,16,9.8,2,1.2,0,0.0,0,0.0,135,82.8,2,1.2,4,2.5,0,0.0,4,2.5
609944,Virgil Grissom Elementary School,ISP, 353 ,59,16.7,17,4.8,0,0.0,0,0.0,259,73.4,3,0.9,0,0.0,0,0.0,15,4.2
610363,Walt Disney Magnet Elementary School,ISP," 1,564 ",305,19.5,670,42.8,0,0.0,7,0.4,350,22.4,69,4.4,160,10.2,3,0.2,0,0.0
610587,Walter Henri Dyett High School for the Arts,ISP, 328 ,1,0.3,321,97.9,0,0.0,0,0.0,5,1.5,1,0.3,0,0.0,0,0.0,0,0.0
609680,Walter Payton College Preparatory High School,ISP," 1,072 ",467,43.6,118,11.0,0,0.0,4,0.4,234,21.8,50,4.7,192,17.9,7,0.7,0,0.0
610179,Washington D Smyser Elementary School,ISP, 945 ,294,31.1,19,2.0,0,0.0,6,0.6,586,62.0,3,0.3,33,3.5,4,0.4,0,0.0
609755,Whitney M Young Magnet High School,ISP," 2,158 ",608,28.2,461,21.4,0,0.0,7,0.3,646,29.9,83,3.9,344,15.9,9,0.4,0,0.0
609678,William Jones College Preparatory High School,ISP," 1,865 ",670,35.9,259,13.9,1,0.1,6,0.3,527,28.3,71,3.8,243,13.0,14,0.8,74,4.0
400010,ACE Technical Charter School,Charter, 316 ,4,1.3,260,82.3,0,0.0,0,0.0,50,15.8,1,0.3,0,0.0,1,0.3,0,0.0
400172,ASPIRA Business and Finance,Charter, 487 ,9,1.8,12,2.5,0,0.0,2,0.4,453,93.0,5,1.0,4,0.8,0,0.0,2,0.4
400013,ASPIRA Charter School - Early College High School,Charter, 376 ,5,1.3,11,2.9,0,0.0,0,0.0,349,92.8,1,0.3,3,0.8,0,0.0,7,1.9
400017,ASPIRA Charter School - Haugan Middle School,Charter, 420 ,8,1.9,14,3.3,0,0.0,1,0.2,382,91.0,0,0.0,14,3.3,1,0.2,0,0.0
400009,Academy for Global Citizenship Charter School,Charter, 469 ,31,6.6,22,4.7,0,0.0,2,0.4,413,88.1,1,0.2,0,0.0,0,0.0,0,0.0
400081,Acero Charter Schools - Bartolom de las Casas,Charter, 278 ,0,0.0,3,1.1,0,0.0,0,0.0,275,98.9,0,0.0,0,0.0,0,0.0,0,0.0
400153,Acero Charter Schools - Brighton Park,Charter, 564 ,0,0.0,2,0.4,0,0.0,0,0.0,550,97.5,2,0.4,0,0.0,0,0.0,10,1.8
400082,Acero Charter Schools - Carlos Fuentes,Charter, 549 ,5,0.9,3,0.5,0,0.0,0,0.0,535,97.4,4,0.7,2,0.4,0,0.0,0,0.0
400114,Acero Charter Schools - Esmeralda Santiago,Charter, 283 ,6,2.1,6,2.1,0,0.0,1,0.4,269,95.1,0,0.0,1,0.4,0,0.0,0,0.0
400112,Acero Charter Schools - Jovita Idar,Charter, 569 ,0,0.0,2,0.4,0,0.0,1,0.2,539,94.7,0,0.0,0,0.0,0,0.0,27,4.7
400085,Acero Charter Schools - Major Hector P. Garcia MD,Charter, 598 ,11,1.8,3,0.5,0,0.0,2,0.3,577,96.5,0,0.0,2,0.3,0,0.0,3,0.5
400083,Acero Charter Schools - Octavio Paz Campus,Charter, 368 ,1,0.3,26,7.1,0,0.0,1,0.3,338,91.8,2,0.5,0,0.0,0,0.0,0,0.0
400089,Acero Charter Schools - Officer Donald J. Marquez,Charter, 570 ,1,0.2,4,0.7,0,0.0,3,0.5,562,98.6,0,0.0,0,0.0,0,0.0,0,0.0
400080,Acero Charter Schools - PFC Omar E. Torres,Charter, 579 ,2,0.3,7,1.2,0,0.0,1,0.2,550,95.0,0,0.0,0,0.0,0,0.0,19,3.3
400120,Acero Charter Schools - Roberto Clemente,Charter, 544 ,6,1.1,14,2.6,0,0.0,2,0.4,521,95.8,0,0.0,0,0.0,1,0.2,0,0.0
400084,Acero Charter Schools - Rufino Tamayo,Charter, 287 ,0,0.0,2,0.7,0,0.0,2,0.7,283,98.6,0,0.0,0,0.0,0,0.0,0,0.0
400079,Acero Charter Schools - SPC Daniel Zizumbo,Charter, 625 ,10,1.6,1,0.2,0,0.0,2,0.3,602,96.3,2,0.3,1,0.2,0,0.0,7,1.1
400101,Acero Charter Schools - Sandra Cisneros,Charter, 537 ,2,0.4,2,0.4,0,0.0,2,0.4,530,98.7,0,0.0,1,0.2,0,0.0,0,0.0
400121,Acero Charter Schools - Sor Juana Ins de la Cruz,Charter, 677 ,12,1.8,184,27.2,0,0.0,7,1.0,456,67.4,5,0.7,13,1.9,0,0.0,0,0.0
400149,Acero Charter Schools - Victoria Soto,Charter, 551 ,2,0.4,5,0.9,0,0.0,0,0.0,540,98.0,0,0.0,0,0.0,0,0.0,4,0.7
400011,Alain Locke Charter School,Charter, 499 ,0,0.0,495,99.2,0,0.0,0,0.0,3,0.6,0,0.0,0,0.0,0,0.0,1,0.2
400060,Asian Human Services - Passages Charter School,Charter, 447 ,28,6.3,210,47.0,0,0.0,3,0.7,77,17.2,12,2.7,105,23.5,2,0.4,10,2.2
400023,CICS - Avalon/South Shore,Charter, 479 ,0,0.0,469,97.9,0,0.0,2,0.4,5,1.0,2,0.4,1,0.2,0,0.0,0,0.0
400024,CICS - Basil,Charter, 737 ,5,0.7,625,84.8,0,0.0,3,0.4,99,13.4,3,0.4,1,0.1,0,0.0,1,0.1
400025,CICS - Bucktown,Charter, 705 ,26,3.7,81,11.5,0,0.0,7,1.0,574,81.4,10,1.4,6,0.9,0,0.0,1,0.1
400113,CICS - ChicagoQuest North,Charter, 262 ,4,1.5,227,86.6,0,0.0,0,0.0,27,10.3,2,0.8,2,0.8,0,0.0,0,0.0
400027,CICS - Irving Park,Charter, 555 ,94,16.9,32,5.8,0,0.0,1,0.2,380,68.5,13,2.3,31,5.6,4,0.7,0,0.0
400092,CICS - Lloyd Bond,Charter, 339 ,0,0.0,337,99.4,0,0.0,0,0.0,1,0.3,1,0.3,0,0.0,0,0.0,0,0.0
400033,CICS - Longwood,Charter," 1,335 ",2,0.1,1313,98.4,0,0.0,0,0.0,9,0.7,4,0.3,0,0.0,0,0.0,7,0.5
400026,CICS - Loomis Primary,Charter, 563 ,0,0.0,561,99.6,0,0.0,0,0.0,2,0.4,0,0.0,0,0.0,0,0.0,0,0.0
400034,CICS - Northtown,Charter, 909 ,188,20.7,60,6.6,0,0.0,7,0.8,485,53.4,19,2.1,145,16.0,3,0.3,2,0.2
400028,CICS - Prairie,Charter, 422 ,4,0.9,218,51.7,0,0.0,1,0.2,193,45.7,5,1.2,0,0.0,1,0.2,0,0.0
400032,CICS - Ralph Ellison,Charter, 417 ,0,0.0,410,98.3,0,0.0,0,0.0,3,0.7,1,0.2,0,0.0,0,0.0,3,0.7
400029,CICS - Washington Park,Charter, 458 ,0,0.0,453,98.9,0,0.0,1,0.2,2,0.4,2,0.4,0,0.0,0,0.0,0,0.0
400030,CICS - West Belden,Charter, 526 ,5,1.0,37,7.0,0,0.0,1,0.2,481,91.4,1,0.2,1,0.2,0,0.0,0,0.0
400031,CICS - Wrightwood,Charter, 766 ,2,0.3,723,94.4,0,0.0,4,0.5,25,3.3,7,0.9,0,0.0,0,0.0,5,0.7
400115,Catalyst - Maria Charter School,Charter," 1,077 ",15,1.4,479,44.5,0,0.0,3,0.3,569,52.8,7,0.7,2,0.2,1,0.1,1,0.1
400021,Catalyst Elementary Charter School - Circle Rock,Charter, 522 ,0,0.0,506,96.9,0,0.0,0,0.0,11,2.1,3,0.6,2,0.4,0,0.0,0,0.0
400161,Chicago Collegiate Charter School,Charter, 394 ,0,0.0,388,98.5,0,0.0,0,0.0,4,1.0,1,0.3,0,0.0,0,0.0,1,0.3
400035,Chicago Math and Science Academy Charter School,Charter, 592 ,21,3.5,186,31.4,0,0.0,3,0.5,318,53.7,9,1.5,54,9.1,0,0.0,1,0.2
400036,Chicago Virtual Charter School,Charter, 696 ,91,13.1,387,55.6,0,0.0,2,0.3,150,21.6,21,3.0,34,4.9,0,0.0,11,1.6
400159,Christopher House Charter School,Charter, 341 ,5,1.5,10,2.9,0,0.0,0,0.0,324,95.0,1,0.3,1,0.3,0,0.0,0,0.0
400094,EPIC Academy Charter High School,Charter, 538 ,2,0.4,343,63.8,0,0.0,0,0.0,189,35.1,4,0.7,0,0.0,0,0.0,0,0.0
400039,Erie Elementary Charter School,Charter, 420 ,9,2.1,61,14.5,0,0.0,1,0.2,336,80.0,7,1.7,1,0.2,1,0.2,4,1.0
400171,Foundations College Preparatory Charter School,Charter, 227 ,0,0.0,223,98.2,0,0.0,0,0.0,4,1.8,0,0.0,0,0.0,0,0.0,0,0.0
400040,Frazier Preparatory Academy Charter School,Charter, 361 ,0,0.0,355,98.3,0,0.0,0,0.0,5,1.4,1,0.3,0,0.0,0,0.0,0,0.0
400168,Great Lakes Academy Charter School,Charter, 297 ,0,0.0,264,88.9,0,0.0,0,0.0,31,10.4,1,0.3,0,0.0,0,0.0,1,0.3
400167,Horizon Science Academy Southwest Chicago Charter,Charter, 719 ,3,0.4,217,30.2,0,0.0,1,0.1,496,69.0,2,0.3,0,0.0,0,0.0,0,0.0
400104,Instituto Health Sciences Career Academy,Charter, 750 ,3,0.4,24,3.2,0,0.0,1,0.1,722,96.3,0,0.0,0,0.0,0,0.0,0,0.0
400162,Intrinsic Charter School,Charter," 1,012 ",49,4.8,48,4.7,0,0.0,2,0.2,893,88.2,7,0.7,12,1.2,0,0.0,1,0.1
400146,KIPP Academy Chicago Campus,Charter, 346 ,0,0.0,341,98.6,0,0.0,0,0.0,5,1.4,0,0.0,0,0.0,0,0.0,0,0.0
400044,KIPP Ascend Charter School,Charter, 904 ,4,0.4,857,94.8,0,0.0,1,0.1,40,4.4,0,0.0,0,0.0,0,0.0,2,0.2
400163,KIPP Chicago Charter School - KIPP Bloom,Charter, 357 ,1,0.3,329,92.2,0,0.0,0,0.0,23,6.4,3,0.8,0,0.0,1,0.3,0,0.0
400180,KIPP One Academy,Charter, 423 ,1,0.2,331,78.3,0,0.0,0,0.0,90,21.3,1,0.2,0,0.0,0,0.0,0,0.0
400045,Kwame Nkrumah Academy Charter School,Charter, 178 ,0,0.0,175,98.3,0,0.0,1,0.6,0,0.0,0,0.0,0,0.0,0,0.0,2,1.1
400047,L.E.A.R.N. - Charles and Dorothy Campbell Campus,Charter, 402 ,0,0.0,385,95.8,0,0.0,0,0.0,17,4.2,0,0.0,0,0.0,0,0.0,0,0.0
400048,L.E.A.R.N. - Excel Campus,Charter, 452 ,0,0.0,435,96.2,0,0.0,0,0.0,15,3.3,1,0.2,0,0.0,0,0.0,1,0.2
400111,L.E.A.R.N. - Hunter Perkins Campus,Charter, 503 ,0,0.0,497,98.8,0,0.0,0,0.0,5,1.0,1,0.2,0,0.0,0,0.0,0,0.0
400165,L.E.A.R.N. - Middle School Campus,Charter, 306 ,0,0.0,295,96.4,0,0.0,1,0.3,8,2.6,2,0.7,0,0.0,0,0.0,0,0.0
400046,L.E.A.R.N. - Romano Butler Campus,Charter, 582 ,0,0.0,574,98.6,0,0.0,1,0.2,6,1.0,1,0.2,0,0.0,0,0.0,0,0.0
400107,L.E.A.R.N. - South Chicago Campus,Charter, 454 ,2,0.4,402,88.5,0,0.0,0,0.0,49,10.8,0,0.0,0,0.0,1,0.2,0,0.0
400151,L.E.A.R.N. Charter School - 7th Campus,Charter, 317 ,0,0.0,297,93.7,0,0.0,0,0.0,18,5.7,1,0.3,1,0.3,0,0.0,0,0.0
400049,Legacy Charter School,Charter, 468 ,0,0.0,455,97.2,0,0.0,1,0.2,12,2.6,0,0.0,0,0.0,0,0.0,0,0.0
400119,Legal Prep Charter Academy,Charter, 314 ,0,0.0,311,99.0,0,0.0,2,0.6,1,0.3,0,0.0,0,0.0,0,0.0,0,0.0
400178,Moving Everest Charter School,Charter, 364 ,1,0.3,351,96.4,0,0.0,0,0.0,10,2.7,2,0.6,0,0.0,0,0.0,0,0.0
400050,Namaste Charter School,Charter, 489 ,29,5.9,16,3.3,0,0.0,2,0.4,433,88.5,4,0.8,3,0.6,0,0.0,2,0.4
400157,Noble - Baker College Prep,Charter, 363 ,4,1.1,305,84.0,0,0.0,2,0.6,46,12.7,4,1.1,1,0.3,0,0.0,1,0.3
400156,Noble - Butler College Prep,Charter, 647 ,0,0.0,618,95.5,0,0.0,0,0.0,22,3.4,3,0.5,0,0.0,1,0.2,3,0.5
400097,Noble - Chicago Bulls College Prep,Charter," 1,137 ",4,0.4,371,32.6,0,0.0,2,0.2,752,66.1,3,0.3,4,0.4,1,0.1,0,0.0
400118,Noble - DRW College Prep,Charter, 514 ,2,0.4,487,94.7,0,0.0,0,0.0,23,4.5,2,0.4,0,0.0,0,0.0,0,0.0
400052,Noble - Gary Comer College Prep,Charter," 1,099 ",0,0.0,1060,96.5,0,0.0,1,0.1,25,2.3,1,0.1,0,0.0,1,0.1,11,1.0
400053,Noble - Golder College Prep,Charter, 664 ,11,1.7,100,15.1,0,0.0,3,0.5,536,80.7,6,0.9,3,0.5,0,0.0,5,0.8
400117,Noble - Hansberry College Prep,Charter, 642 ,1,0.2,615,95.8,0,0.0,0,0.0,6,0.9,1,0.2,0,0.0,1,0.2,18,2.8
400169,Noble - ITW David Speer Academy,Charter," 1,019 ",17,1.7,129,12.7,0,0.0,3,0.3,862,84.6,4,0.4,2,0.2,2,0.2,0,0.0
400106,Noble - John and Eunice Johnson College Prep,Charter, 802 ,0,0.0,780,97.3,0,0.0,1,0.1,16,2.0,3,0.4,1,0.1,1,0.1,0,0.0
400098,Noble - Muchin College Prep,Charter, 959 ,6,0.6,260,27.1,0,0.0,2,0.2,644,67.2,4,0.4,38,4.0,0,0.0,5,0.5
400051,Noble - Noble College Prep,Charter, 651 ,8,1.2,78,12.0,0,0.0,4,0.6,552,84.8,4,0.6,5,0.8,0,0.0,0,0.0
400054,Noble - Pritzker College Prep,Charter, 986 ,9,0.9,30,3.0,0,0.0,5,0.5,939,95.2,2,0.2,1,0.1,0,0.0,0,0.0
400055,Noble - Rauner College Prep,Charter, 632 ,14,2.2,108,17.1,0,0.0,2,0.3,501,79.3,4,0.6,3,0.5,0,0.0,0,0.0
400056,Noble - Rowe-Clark Math and Science Academy,Charter, 468 ,1,0.2,350,74.8,0,0.0,2,0.4,113,24.1,1,0.2,1,0.2,0,0.0,0,0.0
400170,Noble - The Noble Academy,Charter, 499 ,15,3.0,230,46.1,0,0.0,6,1.2,228,45.7,6,1.2,14,2.8,0,0.0,0,0.0
400057,Noble - UIC College Prep,Charter, 935 ,12,1.3,286,30.6,0,0.0,3,0.3,596,63.7,2,0.2,32,3.4,2,0.2,2,0.2
400179,Noble Mansueto High School,Charter, 526 ,6,1.1,6,1.1,0,0.0,1,0.2,501,95.2,0,0.0,11,2.1,1,0.2,0,0.0
400058,North Lawndale College Prep - Christiana,Charter, 358 ,1,0.3,356,99.4,0,0.0,0,0.0,1,0.3,0,0.0,0,0.0,0,0.0,0,0.0
400059,North Lawndale College Prep - Collins,Charter, 355 ,0,0.0,352,99.2,0,0.0,0,0.0,2,0.6,1,0.3,0,0.0,0,0.0,0,0.0
400062,Perspectives - High School of Technology,Charter, 334 ,0,0.0,326,97.6,0,0.0,0,0.0,6,1.8,2,0.6,0,0.0,0,0.0,0,0.0
400061,Perspectives - Leadership Academy,Charter, 437 ,0,0.0,426,97.5,0,0.0,0,0.0,5,1.1,3,0.7,0,0.0,1,0.2,2,0.5
400066,Perspectives - Math and Science Academy,Charter, 461 ,1,0.2,447,97.0,0,0.0,0,0.0,12,2.6,1,0.2,0,0.0,0,0.0,0,0.0
400064,Perspectives - Rodney D. Joslin,Charter, 389 ,2,0.5,339,87.1,0,0.0,0,0.0,38,9.8,4,1.0,4,1.0,2,0.5,0,0.0
400069,Polaris Charter Academy,Charter, 444 ,1,0.2,406,91.4,0,0.0,0,0.0,32,7.2,2,0.5,0,0.0,0,0.0,3,0.7
400071,Providence Englewood Charter School,Charter, 511 ,1,0.2,483,94.5,0,0.0,1,0.2,20,3.9,1,0.2,0,0.0,0,0.0,5,1.0
400096,Rowe Elementary Charter School,Charter," 1,009 ",12,1.2,181,17.9,0,0.0,2,0.2,808,80.1,5,0.5,1,0.1,0,0.0,0,0.0
400116,The Montessori School of Englewood Charter,Charter, 309 ,1,0.3,301,97.4,0,0.0,0,0.0,7,2.3,0,0.0,0,0.0,0,0.0,0,0.0
400078,University of Chicago - Carter G. Woodson,Charter, 214 ,0,0.0,212,99.1,0,0.0,0,0.0,1,0.5,1,0.5,0,0.0,0,0.0,0,0.0
400075,University of Chicago - Donoghue,Charter, 539 ,0,0.0,528,98.0,0,0.0,2,0.4,6,1.1,1,0.2,0,0.0,0,0.0,2,0.4
400076,University of Chicago - North Kenwood/Oakland,Charter, 356 ,10,2.8,337,94.7,0,0.0,1,0.3,4,1.1,4,1.1,0,0.0,0,0.0,0,0.0
400077,University of Chicago - Woodlawn,Charter, 645 ,0,0.0,630,97.7,0,0.0,1,0.2,8,1.2,4,0.6,0,0.0,0,0.0,2,0.3
400105,Urban Prep Academy for Young Men - Bronzeville,Charter, 315 ,0,0.0,308,97.8,0,0.0,1,0.3,3,1.0,3,1.0,0,0.0,0,0.0,0,0.0
400086,Urban Prep Academy for Young Men - Englewood,Charter, 263 ,0,0.0,263,100.0,0,0.0,0,0.0,0,0.0,0,0.0,0,0.0,0,0.0,0,0.0
400102,Urban Prep Charter Academy for Young Men - West,Charter, 213 ,0,0.0,208,97.7,0,0.0,0,0.0,3,1.4,2,0.9,0,0.0,0,0.0,0,0.0
400087,Young Women's Leadership Charter School,Charter, 193 ,3,1.6,179,92.7,0,0.0,0,0.0,9,4.7,2,1.0,0,0.0,0,0.0,0,0.0
400022,Chicago High School for the Arts (ChiArts),Contract, 619 ,119,19.2,237,38.3,0,0.0,1,0.2,201,32.5,17,2.8,15,2.4,2,0.3,27,4.4
400091,Chicago Technology Academy High School,Contract, 242 ,8,3.3,186,76.9,0,0.0,0,0.0,45,18.6,1,0.4,2,0.8,0,0.0,0,0.0
400043,Hope Institute Learning Academy,Contract, 363 ,8,2.2,324,89.3,0,0.0,0,0.0,28,7.7,3,0.8,0,0.0,0,0.0,0,0.0
400068,Plato Learning Academy,Contract, 389 ,0,0.0,384,98.7,0,0.0,0,0.0,5,1.3,0,0.0,0,0.0,0,0.0,0,0.0
610581,Bridgescape Academy Brainerd,Options, 173 ,0,0.0,165,95.4,0,0.0,0,0.0,6,3.5,2,1.2,0,0.0,0,0.0,0,0.0
610580,Bridgescape Academy Humboldt Park,Options, 163 ,7,4.3,52,31.9,0,0.0,1,0.6,102,62.6,1,0.6,0,0.0,0,0.0,0,0.0
610567,Bridgescape Academy Roseland,Options, 168 ,1,0.6,163,97.0,0,0.0,0,0.0,2,1.2,2,1.2,0,0.0,0,0.0,0,0.0
610566,Bridgscape Academy Lawndale,Options, 167 ,0,0.0,152,91.0,0,0.0,0,0.0,13,7.8,2,1.2,0,0.0,0,0.0,0,0.0
400147,Camelot - Chicago Excel Academy,Options, 300 ,0,0.0,288,96.0,0,0.0,0,0.0,9,3.0,3,1.0,0,0.0,0,0.0,0,0.0
610565,Camelot Excel - Englewood HS,Options, 252 ,0,0.0,249,98.8,0,0.0,0,0.0,3,1.2,0,0.0,0,0.0,0,0.0,0,0.0
400175,Camelot Excel - Southshore HS,Options, 150 ,0,0.0,137,91.3,0,0.0,0,0.0,12,8.0,1,0.7,0,0.0,0,0.0,0,0.0
400176,Camelot Excel - Southwest HS,Options, 131 ,0,0.0,122,93.1,0,0.0,0,0.0,7,5.3,2,1.5,0,0.0,0,0.0,0,0.0
610572,Camelot Safe Elementary,Options, 5 ,0,0.0,4,80.0,0,0.0,0,0.0,1,20.0,0,0.0,0,0.0,0,0.0,0,0.0
610573,Camelot Safe HS,Options, 6 ,0,0.0,5,83.3,0,0.0,0,0.0,1,16.7,0,0.0,0,0.0,0,0.0,0,0.0
400164,Instituto - Justice Lozano Mastery,Options, 85 ,0,0.0,1,1.2,0,0.0,0,0.0,84,98.8,0,0.0,0,0.0,0,0.0,0,0.0
400137,Little Black Pearl Art and Design Academy,Options, 118 ,0,0.0,115,97.5,0,0.0,0,0.0,1,0.8,2,1.7,0,0.0,0,0.0,0,0.0
610569,Ombudsman Chicago- Northwest,Options, 235 ,64,27.2,19,8.1,0,0.0,2,0.9,136,57.9,5,2.1,7,3.0,2,0.9,0,0.0
610570,Ombudsman Chicago- South,Options, 495 ,7,1.4,247,49.9,0,0.0,1,0.2,237,47.9,3,0.6,0,0.0,0,0.0,0,0.0
610571,Ombudsman Chicago- West,Options, 367 ,4,1.1,204,55.6,0,0.0,1,0.3,157,42.8,1,0.3,0,0.0,0,0.0,0,0.0
610557,Pathways in Education- Ashburn,Options, 278 ,23,8.3,77,27.7,0,0.0,1,0.4,176,63.3,1,0.4,0,0.0,0,0.0,0,0.0
610568,Pathways in Education- Avondale,Options, 285 ,25,8.8,22,7.7,0,0.0,3,1.1,222,77.9,4,1.4,7,2.5,0,0.0,2,0.7
400173,Pathways in Education- Brighton Park,Options, 343 ,13,3.8,12,3.5,0,0.0,1,0.3,312,91.0,3,0.9,2,0.6,0,0.0,0,0.0
400123,YCCS- Academy of Scholastic Achievement HS,Options, 148 ,0,0.0,141,95.3,0,0.0,1,0.7,6,4.1,0,0.0,0,0.0,0,0.0,0,0.0
400133,YCCS- Innovations HS of Arts Integration,Options, 414 ,3,0.7,376,90.8,0,0.0,0,0.0,31,7.5,3,0.7,1,0.2,0,0.0,0,0.0
400124,YCCS- McKinley Lakeside Leadership HS,Options, 155 ,0,0.0,148,95.5,0,0.0,0,0.0,7,4.5,0,0.0,0,0.0,0,0.0,0,0.0
400125,"YCCS-ASPIRA,Antonia Pantoja Alternative HS",Options, 183 ,1,0.5,7,3.8,0,0.0,1,0.5,173,94.5,0,0.0,0,0.0,0,0.0,1,0.5
400126,YCCS-Association House HS,Options, 142 ,4,2.8,41,28.9,0,0.0,0,0.0,96,67.6,1,0.7,0,0.0,0,0.0,0,0.0
400127,YCCS-Austin Career Education Center HS,Options, 146 ,1,0.7,143,97.9,0,0.0,0,0.0,2,1.4,0,0.0,0,0.0,0,0.0,0,0.0
400128,YCCS-CCA Academy HS,Options, 165 ,0,0.0,164,99.4,0,0.0,0,0.0,0,0.0,0,0.0,0,0.0,0,0.0,1,0.6
400150,YCCS-Chatham AcademyHS,Options, 162 ,0,0.0,160,98.8,0,0.0,0,0.0,1,0.6,0,0.0,0,0.0,0,0.0,1,0.6
400130,YCCS-Community Youth Development Institute HS,Options, 156 ,0,0.0,152,97.4,0,0.0,0,0.0,4,2.6,0,0.0,0,0.0,0,0.0,0,0.0
400131,YCCS-Dr. Pedro Albizu Campos Puerto Rican HS,Options, 197 ,7,3.6,33,16.8,0,0.0,1,0.5,155,78.7,1,0.5,0,0.0,0,0.0,0,0.0
400134,YCCS-Jane Addams Alternative HS,Options, 210 ,6,2.9,58,27.6,0,0.0,0,0.0,144,68.6,1,0.5,1,0.5,0,0.0,0,0.0
400135,YCCS-Latino Youth Alternative HS,Options, 226 ,0,0.0,13,5.8,0,0.0,1,0.4,211,93.4,0,0.0,1,0.4,0,0.0,0,0.0
400136,YCCS-Olive Harvey Middle College HS,Options, 103 ,1,1.0,87,84.5,0,0.0,0,0.0,15,14.6,0,0.0,0,0.0,0,0.0,0,0.0
400129,YCCS-Progressive Leadership Academy,Options, 155 ,0,0.0,154,99.4,0,0.0,0,0.0,1,0.6,0,0.0,0,0.0,0,0.0,0,0.0
400139,YCCS-Sullivan House Alternative HS,Options, 330 ,1,0.3,312,94.5,0,0.0,0,0.0,16,4.8,0,0.0,0,0.0,0,0.0,1,0.3
400141,YCCS-Truman Middle College HS,Options, 217 ,21,9.7,68,31.3,0,0.0,2,0.9,106,48.8,2,0.9,16,7.4,1,0.5,1,0.5
400143,YCCS-West Town Acad Alternative HS,Options, 130 ,1,0.8,105,80.8,0,0.0,0,0.0,22,16.9,0,0.0,0,0.0,0,0.0,2,1.5
400144,YCCS-Westside Holistic Leadership Acad HS,Options, 95 ,0,0.0,72,75.8,0,0.0,0,0.0,23,24.2,0,0.0,0,0.0,0,0.0,0,0.0
400145,YCCS-Youth Connection Leadership Acad HS,Options, 223 ,1,0.4,206,92.4,0,0.0,0,0.0,14,6.3,2,0.9,0,0.0,0,0.0,0,0.0
