School ID,School Name,Network,Total,PE,PK,K,01,02,03,04,05,06,07,08,09,10,11,12
,District Total 2017-2018,," 371,382 "," 6,670 "," 12,771 "," 24,963 "," 26,279 "," 27,013 "," 28,896 "," 28,308 "," 28,600 "," 27,570 "," 26,550 "," 26,410 "," 27,566 "," 28,453 "," 26,279 "," 25,054 "
610212,Albany Park Multicultural Academy,Network 1,290,0,0,0,0,0,0,0,0,0,149,141,0,0,0,0
610209,Alessandro Volta Elementary School,Network 1,894,28,52,85,82,70,91,103,87,101,104,91,0,0,0,0
609836,Arthur E Canty Elementary School,Network 1,859,15,39,88,88,83,92,103,92,83,98,78,0,0,0,0
609729,Carl Schurz High School,Network 1,1739,0,0,0,0,0,0,0,0,0,0,0,499,444,357,439
610083,Daniel C Beard Elementary School,Network 1,185,48,72,12,17,16,20,0,0,0,0,0,0,0,0,0
610564,Disney II Magnet High School,Network 1,711,0,0,0,0,0,0,0,0,0,103,110,163,135,97,103
610515,Disney II Magnet School,Network 1,432,22,38,49,50,51,51,56,58,57,0,0,0,0,0,0
609901,Edgebrook Elementary School,Network 1,509,0,0,61,57,61,59,50,58,57,54,52,0,0,0,0
610523,Edison Park Elementary School,Network 1,541,0,0,52,61,71,55,66,60,74,41,61,0,0,0,0
610137,Ernst Prussing Elementary School,Network 1,738,16,25,94,80,71,74,77,86,83,72,60,0,0,0,0
609874,Everett McKinley Dirksen Elementary School,Network 1,926,28,38,117,110,103,107,80,108,86,70,79,0,0,0,0
610163,Frederick Stock Elementary School,Network 1,234,87,147,0,0,0,0,0,0,0,0,0,0,0,0,0
609737,Friedrich W von Steuben Metropolitan Science HS,Network 1,1726,0,0,0,0,0,0,0,0,0,0,0,445,495,424,362
609857,Grover Cleveland Elementary School,Network 1,560,24,34,50,54,48,52,64,62,59,64,49,0,0,0,0
610182,Hannah G Solomon Elementary School,Network 1,349,15,35,35,37,32,35,32,36,30,31,31,0,0,0,0
609972,Helge A Haugan Elementary School,Network 1,906,25,76,104,98,120,130,137,123,93,0,0,0,0,0,0
609798,Hiram H Belding Elementary School,Network 1,580,11,59,54,60,57,65,48,75,56,47,48,0,0,0,0
609766,Jacqueline B Vaughn Occupational High School,Network 1,230,0,0,0,0,0,0,0,0,0,0,0,25,31,23,151
609912,James B Farnsworth Elementary School,Network 1,604,20,43,66,63,59,50,61,63,61,59,59,0,0,0,0
609796,Jean Baptiste Beaubien Elementary School,Network 1,1100,17,21,92,117,127,122,120,139,119,112,114,0,0,0,0
610089,John B Murphy Elementary School,Network 1,521,13,38,54,51,38,49,67,65,50,50,46,0,0,0,0
610111,John Palmer Elementary School,Network 1,806,19,55,74,69,84,76,79,104,87,83,76,0,0,0,0
609937,John W Garvy Elementary School,Network 1,831,0,0,85,94,98,80,86,97,91,103,97,0,0,0,0
610159,Jonathan Y Scammon Elementary School,Network 1,745,10,26,66,77,78,79,70,86,74,72,107,0,0,0,0
610127,Mary Gage Peterson Elementary School,Network 1,890,8,26,96,93,98,107,101,94,84,94,89,0,0,0,0
609792,Newton Bateman Elementary School,Network 1,1008,42,65,96,99,95,100,94,116,102,91,108,0,0,0,0
609810,Norman A Bridge Elementary School,Network 1,1116,39,69,107,127,111,121,115,109,109,101,108,0,0,0,0
610354,North River Elementary School,Network 1,325,18,32,25,31,26,37,36,30,30,32,28,0,0,0,0
609749,Northside College Preparatory High School,Network 1,1061,0,0,0,0,0,0,0,0,0,0,0,257,280,277,247
609744,Northside Learning Center High School,Network 1,230,0,0,0,0,0,0,0,0,0,0,0,39,43,42,106
610099,Norwood Park Elementary School,Network 1,436,8,25,28,35,57,60,57,59,31,30,46,0,0,0,0
610105,Oriole Park Elementary School,Network 1,751,29,46,75,70,80,74,90,75,58,80,74,0,0,0,0
609988,Patrick Henry Elementary School,Network 1,526,26,46,69,60,57,57,79,70,62,0,0,0,0,0,0
610145,Peter A Reinberg Elementary School,Network 1,802,33,59,72,76,84,68,97,77,77,74,85,0,0,0,0
610135,Portage Park Elementary School,Network 1,951,27,47,119,94,94,89,108,88,112,92,81,0,0,0,0
609995,Rufus M Hitch Elementary School,Network 1,567,11,28,52,63,56,49,64,58,65,60,61,0,0,0,0
610155,Sauganash Elementary School,Network 1,604,0,0,81,79,74,65,69,68,62,65,41,0,0,0,0
609728,Theodore Roosevelt High School,Network 1,1099,0,0,0,0,0,0,0,0,0,45,54,260,294,207,239
609794,Thomas A Edison Regional Gifted Center ES,Network 1,271,0,0,28,29,28,29,31,32,32,31,31,0,0,0,0
610230,Wildwood IB World Magnet School,Network 1,494,0,0,53,50,56,58,56,59,49,61,52,0,0,0,0
609884,William E Dever Elementary School,Network 1,781,16,23,71,68,74,96,92,83,87,64,107,0,0,0,0
609994,William G Hibbard Elementary School,Network 1,988,43,76,112,119,112,132,132,126,136,0,0,0,0,0,0
609734,William Howard Taft High School,Network 1,3372,0,0,0,0,0,0,0,0,0,139,132,880,765,743,713
610104,William J Onahan Elementary School,Network 1,659,13,21,77,72,81,73,68,64,63,67,60,0,0,0,0
609949,William P Gray Elementary School,Network 1,1160,29,40,110,103,123,110,128,141,127,135,114,0,0,0,0
609804,Daniel Boone Elementary School,Network 2,832,16,49,64,80,103,83,96,92,92,79,78,0,0,0,0
609859,DeWitt Clinton Elementary School,Network 2,1199,27,51,135,121,125,137,133,141,112,113,104,0,0,0,0
609852,Eliza Chappell Elementary School,Network 2,576,28,60,56,69,49,46,57,61,53,48,49,0,0,0,0
609918,Eugene Field Elementary School,Network 2,158,0,0,0,0,0,0,0,65,32,30,31,0,0,0,0
609779,George Armstrong International Studies ES,Network 2,1412,46,70,118,127,135,146,153,160,163,152,142,0,0,0,0
610196,George B Swift Elementary Specialty School,Network 2,687,22,52,74,79,59,72,69,79,69,56,56,0,0,0,0
610122,Helen Peirce International Studies ES,Network 2,1010,49,55,109,105,110,98,89,116,115,100,64,0,0,0,0
610070,James B McPherson Elementary School,Network 2,692,25,46,53,62,73,70,64,78,64,80,77,0,0,0,0
609866,John C Coonley Elementary School,Network 2,1004,0,0,138,128,123,114,116,113,100,89,83,0,0,0,0
610269,John T McCutcheon Elementary School,Network 2,377,18,31,31,43,42,34,37,39,35,40,27,0,0,0,0
609865,Jordan Elementary Community School,Network 2,511,13,51,44,42,42,56,61,55,46,49,52,0,0,0,0
610022,Joyce Kilmer Elementary School,Network 2,761,17,42,78,70,72,93,80,82,91,68,68,0,0,0,0
609719,Lake View High School,Network 2,1389,0,0,0,0,0,0,0,0,0,0,0,391,361,313,324
609817,Lyman A Budlong Elementary School,Network 2,767,48,75,66,81,76,85,66,71,59,59,81,0,0,0,0
610355,Mary E Courtenay Elementary Language Arts Center,Network 2,400,20,42,33,29,37,38,47,44,53,26,31,0,0,0,0
610011,Minnie Mars Jamieson Elementary School,Network 2,918,17,29,106,87,97,107,95,92,94,98,96,0,0,0,0
610284,New Field Elementary School,Network 2,699,57,89,135,119,104,110,85,0,0,0,0,0,0,0,0
609730,Nicholas Senn High School,Network 2,1443,0,0,0,0,0,0,0,0,0,0,0,414,392,313,324
610147,Philip Rogers Elementary School,Network 2,782,28,45,84,75,74,68,91,80,75,85,77,0,0,0,0
610141,Ravenswood Elementary School,Network 2,552,18,38,56,55,62,64,56,51,50,46,56,0,0,0,0
609733,Roger C Sullivan High School,Network 2,723,0,0,0,0,0,0,0,0,0,0,1,196,209,176,141
609880,Stephen Decatur Classical Elementary School,Network 2,282,0,0,27,29,56,29,58,58,25,0,0,0,0,0,0
609933,Stephen F Gale Elementary Community Academy,Network 2,308,11,19,34,37,31,37,45,26,26,22,20,0,0,0,0
609976,Stephen K Hayt Elementary School,Network 2,1002,47,59,94,90,111,113,118,95,85,106,84,0,0,0,0
609724,Stephen T Mather High School,Network 2,1442,0,0,0,0,0,0,0,0,0,0,0,326,373,392,351
610191,Stone Elementary Scholastic Academy,Network 2,629,0,0,61,92,62,62,65,65,66,66,90,0,0,0,0
610220,Thomas J Waters Elementary School,Network 2,627,0,0,73,66,88,61,79,80,71,61,48,0,0,0,0
610394,Uplift Community High School,Network 2,240,0,0,0,0,0,0,0,0,0,0,0,39,63,66,72
610542,West Ridge Elementary School,Network 2,830,10,29,102,80,103,90,84,84,80,98,70,0,0,0,0
609945,William C. Goudy Technology Academy,Network 2,708,21,39,78,67,57,82,68,76,71,81,68,0,0,0,0
610518,Austin College and Career Academy High School,Network 3,219,0,0,0,0,0,0,0,0,0,0,0,50,60,45,64
609922,Belmont-Cragin Elementary School,Network 3,570,98,166,42,37,42,27,33,34,32,29,30,0,0,0,0
609679,Charles Allen Prosser Career Academy High School,Network 3,1394,0,0,0,0,0,0,0,0,0,0,0,409,353,322,310
609732,Charles P Steinmetz College Preparatory HS,Network 3,1278,0,0,0,0,0,0,0,0,0,0,0,275,405,276,322
609904,Edward K Ellington Elementary School,Network 3,522,35,37,39,58,49,47,54,52,46,62,43,0,0,0,0
609708,Edwin G. Foreman College and Career Academy,Network 3,792,0,0,0,0,0,0,0,0,0,0,0,202,199,187,204
610235,Ella Flagg Young Elementary School,Network 3,805,5,35,74,84,64,106,101,99,75,81,81,0,0,0,0
610165,Franz Peter Schubert Elementary School,Network 3,755,40,80,100,100,109,108,116,102,0,0,0,0,0,0,0
610245,Frederick A Douglass Academy High School,Network 3,101,0,0,0,0,0,0,0,0,0,0,0,11,28,26,36
610305,George Leland Elementary School,Network 3,415,10,28,33,37,34,54,51,35,37,41,52,3,0,0,0
609795,George Rogers Clark Elementary School,Network 3,236,3,16,20,25,30,23,23,24,20,27,25,0,0,0,0
610068,Hanson Park Elementary School,Network 3,1483,36,134,124,129,136,150,166,149,172,148,139,0,0,0,0
610158,Harriet E Sayre Elementary Language Academy,Network 3,450,13,23,47,41,45,46,47,45,50,42,47,4,0,0,0
610092,Henry H Nash Elementary School,Network 3,275,8,21,19,29,29,36,35,30,17,22,29,0,0,0,0
609975,John Hay Elementary Community Academy,Network 3,383,23,39,37,36,43,35,37,41,30,31,31,0,0,0,0
610043,Joseph Lovett Elementary School,Network 3,376,0,35,39,36,29,49,43,41,34,36,34,0,0,0,0
610041,Josephine C Locke Elementary School,Network 3,1337,37,101,125,135,137,135,130,133,145,124,135,0,0,0,0
609910,Laughlin Falconer Elementary School,Network 3,1186,15,82,146,138,141,163,153,176,172,0,0,0,0,0,0
609818,Luther Burbank Elementary School,Network 3,904,14,46,66,87,94,101,100,106,90,95,105,0,0,0,0
610539,Marvin Camras Elementary School,Network 3,932,44,69,76,82,88,88,102,102,107,94,80,0,0,0,0
610046,Mary Lyon Elementary School,Network 3,1410,0,0,116,129,151,164,161,158,198,166,167,0,0,0,0
610244,Michele Clark Academic Prep Magnet High School,Network 3,547,0,0,0,0,0,0,0,0,0,0,0,155,148,129,115
609830,Milton Brunson Math & Science Specialty ES,Network 3,480,12,40,39,33,51,55,60,56,38,50,46,0,0,0,0
610051,Northwest Middle School,Network 3,486,0,0,0,0,0,0,0,0,151,162,173,0,0,0,0
610367,Oscar DePriest Elementary School,Network 3,544,10,31,60,47,59,63,59,57,54,39,65,0,0,0,0
610183,Spencer Technology Academy,Network 3,557,15,45,33,56,61,81,60,53,58,53,42,0,0,0,0
610038,Abraham Lincoln Elementary School,Network 4,895,0,0,95,97,101,96,99,100,101,116,90,0,0,0,0
609720,Albert G Lane Technical High School,Network 4,4438,0,0,0,0,0,0,0,0,0,121,127,1175,951,1102,962
609799,Alexander Graham Bell Elementary School,Network 4,957,2,3,77,101,101,109,135,125,113,97,94,0,0,0,0
609963,Alexander Hamilton Elementary School,Network 4,480,6,14,54,58,54,58,37,59,56,58,26,0,0,0,0
610144,Frank W Reilly Elementary School,Network 4,923,31,57,73,97,71,105,91,111,101,100,86,0,0,0,0
609930,Frederick Funston Elementary School,Network 4,464,21,46,50,45,47,46,46,44,46,45,28,0,0,0,0
610010,Friedrich L. Jahn Elementary of the Fine Arts,Network 4,311,15,33,25,37,28,31,27,35,24,31,25,0,0,0,0
610048,George Manierre Elementary School,Network 4,344,20,44,40,33,33,32,28,37,28,27,22,0,0,0,0
609974,Hawthorne Elementary Scholastic Academy,Network 4,567,0,0,60,62,62,64,64,64,63,64,64,0,0,0,0
609850,Horace Greeley Elementary School,Network 4,568,15,22,48,51,55,63,70,57,59,70,58,0,0,0,0
610078,Inter-American Elementary Magnet School,Network 4,710,0,76,90,95,73,68,70,68,63,55,52,0,0,0,0
609803,James G Blaine Elementary School,Network 4,888,52,54,97,101,85,101,83,85,80,82,68,0,0,0,0
610074,James Monroe Elementary School,Network 4,825,25,60,64,63,85,86,91,93,79,79,100,0,0,0,0
609942,Johann W von Goethe Elementary School,Network 4,765,40,61,74,65,86,72,67,85,62,77,76,0,0,0,0
609782,John J Audubon Elementary School,Network 4,574,10,42,64,76,51,69,52,58,54,50,48,0,0,0,0
609716,Kelvyn Park High School,Network 4,451,0,0,0,0,0,0,0,0,0,63,66,73,75,76,98
610033,LaSalle Elementary Language Academy,Network 4,561,0,0,62,62,62,64,66,61,63,59,62,0,0,0,0
610325,Logandale Middle School,Network 4,716,21,32,66,69,62,82,73,76,81,84,70,0,0,0,0
609809,Lorenz Brentano Math & Science Academy ES,Network 4,497,19,45,73,73,56,39,53,38,36,41,24,0,0,0,0
610094,Louis Nettelhorst Elementary School,Network 4,789,25,41,73,103,96,92,86,74,68,64,67,0,0,0,0
609774,Louisa May Alcott College Preparatory ES,Network 4,628,13,41,67,84,75,81,51,53,58,55,50,0,0,0,0
610524,Louisa May Alcott College Preparatory HS,Network 4,311,0,0,0,0,0,0,0,0,0,0,0,87,89,68,67
610059,Oscar F Mayer Elementary School,Network 4,760,64,62,88,85,80,62,78,62,58,48,73,0,0,0,0
609853,Salmon P Chase Elementary School,Network 4,416,19,43,36,35,35,38,35,41,44,43,47,0,0,0,0
609968,Sharon Christa McAuliffe Elementary School,Network 4,732,19,35,75,70,79,67,64,80,83,75,85,0,0,0,0
610534,Skinner North,Network 4,494,0,0,57,60,58,60,64,62,62,41,30,0,0,0,0
610095,Walter L Newberry Math & Science Academy ES,Network 4,563,8,13,48,51,56,58,61,61,66,56,85,0,0,0,0
610136,William H Prescott Elementary School,Network 4,433,12,15,47,45,55,56,63,58,29,33,20,0,0,0,0
610097,William P Nixon Elementary School,Network 4,833,19,42,93,93,94,110,118,129,135,0,0,0,0,0,0
610088,Wolfgang A Mozart Elementary School,Network 4,640,15,24,40,51,67,65,69,91,77,63,78,0,0,0,0
610334,Al Raby High School,Network 5,378,0,0,0,0,0,0,0,0,0,0,0,81,100,95,102
610131,Ambrose Plamondon Elementary School,Network 5,138,0,0,11,16,21,14,17,20,16,11,12,0,0,0,0
610005,Charles Evans Hughes Elementary School,Network 5,255,14,21,23,28,19,32,27,29,26,17,19,0,0,0,0
610194,Charles Sumner  Math & Science Community Acad ES,Network 5,276,19,16,24,20,23,25,33,29,31,28,28,0,0,0,0
609873,Crown Community Academy of Fine Arts Center ES,Network 5,255,16,22,30,19,17,26,29,27,23,22,24,0,0,0,0
609835,Daniel R Cameron Elementary School,Network 5,773,18,33,62,81,81,79,90,71,100,84,74,0,0,0,0
610221,Daniel Webster Elementary School,Network 5,298,32,35,26,25,23,36,24,24,20,24,29,0,0,0,0
610503,Frazier Prospective IB Magnet ES,Network 5,205,0,0,13,29,32,31,33,14,17,17,19,0,0,0,0
609854,Frederic Chopin Elementary School,Network 5,422,13,23,39,37,44,40,52,44,51,30,49,0,0,0,0
610293,Genevieve Melody Elementary School,Network 5,477,32,46,50,43,40,48,54,41,50,30,43,0,0,0,0
610202,George W Tilton Elementary School,Network 5,302,12,25,22,40,37,37,29,27,21,28,24,0,0,0,0
609693,George Westinghouse College Prep,Network 5,1189,0,0,0,0,0,0,0,0,0,0,0,337,294,270,288
610192,Harriet Beecher Stowe Elementary School,Network 5,674,8,49,61,59,64,84,67,74,67,68,73,0,0,0,0
609985,Helen M Hefferan Elementary School,Network 5,349,29,36,29,35,38,39,32,28,29,26,28,0,0,0,0
609797,Jacob Beidler Elementary School,Network 5,444,33,33,33,33,50,53,40,42,36,42,49,0,0,0,0
610044,James Russell Lowell Elementary School,Network 5,445,20,38,31,43,40,51,46,44,37,59,36,0,0,0,0
610271,Jensen Elementary Scholastic Academy,Network 5,417,15,23,37,39,32,54,42,43,52,35,45,0,0,0,0
609723,John Marshall Metropolitan High School,Network 5,341,0,0,0,0,0,0,0,0,0,0,0,60,95,91,95
609954,John Milton Gregory Elementary School,Network 5,354,21,25,31,30,38,34,26,36,47,32,34,0,0,0,0
610313,Jose De Diego Elementary Community Academy,Network 5,561,32,57,46,58,38,61,53,47,59,48,62,0,0,0,0
609925,Joseph Kellman Corporate Community ES,Network 5,337,17,33,23,29,29,34,45,26,39,28,34,0,0,0,0
610133,Laura S Ward Elementary School,Network 5,465,14,34,50,30,54,64,52,42,50,36,39,0,0,0,0
610034,Lawndale Elementary Community Academy,Network 5,263,21,34,27,22,21,28,28,25,27,17,13,0,0,0,0
609907,Leif Ericson Elementary Scholastic Academy,Network 5,475,33,41,40,47,47,49,52,48,37,43,38,0,0,0,0
609722,Manley Career Academy High School,Network 5,114,0,0,0,0,0,0,0,0,0,0,0,17,31,33,33
610055,Michael Faraday Elementary School,Network 5,287,16,24,27,30,29,29,27,32,22,24,27,0,0,0,0
609691,North-Grand High School,Network 5,958,0,0,0,0,0,0,0,0,0,0,0,237,237,261,223
610234,Richard Yates Elementary School,Network 5,442,10,28,44,39,41,56,55,50,32,39,48,0,0,0,0
609759,Roberto Clemente Community Academy High School,Network 5,754,0,0,0,0,0,0,0,0,0,0,0,202,177,193,182
610056,Roswell B Mason Elementary School,Network 5,384,18,33,37,33,32,42,45,45,32,27,40,0,0,0,0
610100,West Park Elementary Academy,Network 5,591,6,34,59,49,67,70,62,64,59,62,59,0,0,0,0
610251,Willa Cather Elementary School,Network 5,380,14,23,46,33,38,35,41,37,35,48,30,0,0,0,0
610123,William Penn Elementary School,Network 5,316,13,32,26,33,26,28,27,35,27,38,31,0,0,0,0
610229,A.N. Pritzker School,Network 6,743,14,16,68,73,70,79,80,85,85,98,75,0,0,0,0
610513,Air Force Academy High School,Network 6,262,0,0,0,0,0,0,0,0,0,0,0,33,74,77,78
609947,Alexander Graham Elementary School,Network 6,415,11,27,30,37,42,46,35,53,51,39,44,0,0,0,0
610060,Andrew Jackson Elementary Language Academy,Network 6,550,0,0,60,60,64,64,64,64,63,50,61,0,0,0,0
609996,Charles N Holden Elementary School,Network 6,504,21,18,53,38,56,49,57,47,61,52,52,0,0,0,0
609754,Chicago Military Academy High School,Network 6,310,0,0,0,0,0,0,0,0,0,0,0,98,90,47,75
610012,Edward Jenner Elementary Academy of the Arts,Network 6,250,3,17,29,19,17,36,23,29,28,21,28,0,0,0,0
610009,Galileo Math & Science Scholastic Academy ES,Network 6,573,0,0,69,75,75,68,62,58,57,52,57,0,0,0,0
609760,George Washington Carver Military Academy HS,Network 6,479,0,0,0,0,0,0,0,0,0,0,0,119,142,106,112
610107,James Otis Elementary School,Network 6,453,14,31,36,37,49,33,42,53,50,55,53,0,0,0,0
609959,John Charles Haines Elementary School,Network 6,686,11,22,46,66,72,85,71,76,78,80,79,0,0,0,0
610180,John M Smyth Elementary School,Network 6,463,34,52,45,45,44,50,47,48,41,27,30,0,0,0,0
609828,Jonathan Burr Elementary School,Network 6,434,11,41,52,52,56,54,51,35,33,25,24,0,0,0,0
610081,Mark Sheridan Math & Science Academy,Network 6,560,0,0,60,64,64,64,66,64,64,59,55,0,0,0,0
610529,Ogden International High School,Network 6,884,0,0,0,0,0,0,0,0,121,113,121,222,137,80,90
609777,Phillip D Armour Elementary School,Network 6,279,13,27,25,34,26,31,27,29,25,21,21,0,0,0,0
610304,Phoenix Military Academy High School,Network 6,531,0,0,0,0,0,0,0,0,0,0,0,154,142,127,108
610138,Pulaski International School of Chicago,Network 6,928,26,51,101,105,100,83,99,104,85,88,86,0,0,0,0
609769,Ray Graham Training Center High School,Network 6,117,0,0,0,0,0,0,0,0,0,0,0,0,1,5,111
610561,Richard T Crane Medical Preparatory HS,Network 6,487,0,0,0,0,0,0,0,0,0,0,0,77,139,139,132
609979,Robert Healy Elementary School,Network 6,1413,0,19,139,134,180,172,169,160,163,139,138,0,0,0,0
610252,Robert Nathaniel Dett Elementary School,Network 6,312,13,31,33,26,19,45,28,27,31,24,35,0,0,0,0
610029,Rodolfo Lozano Bilingual & International Ctr ES,Network 6,203,4,16,9,21,15,29,16,19,21,24,29,0,0,0,0
610250,Rueben Salazar Elementary Bilingual Center,Network 6,345,3,14,30,33,37,37,35,47,36,33,40,0,0,0,0
610548,STEM Magnet Academy,Network 6,434,0,0,52,56,56,56,52,58,48,28,28,0,0,0,0
609750,Simpson Academy HS for Young Women,Network 6,41,0,0,0,0,0,0,0,0,0,1,2,10,7,12,9
610405,Suder Montessori Magnet ES,Network 6,413,37,42,38,41,55,43,37,42,26,29,23,0,0,0,0
609896,Thomas Drummond Elementary School,Network 6,349,35,36,39,42,35,33,32,31,26,15,25,0,0,0,0
610121,Washington Irving Elementary School,Network 6,443,16,12,41,35,51,46,52,45,49,48,48,0,0,0,0
609740,Wells Community Academy High School,Network 6,381,0,0,0,0,0,0,0,0,0,0,0,123,99,59,100
610101,William B Ogden Elementary School,Network 6,806,0,0,137,129,146,133,141,120,0,0,0,0,0,0,0
609812,William H Brown Elementary School,Network 6,252,15,21,10,21,29,23,20,23,32,33,25,0,0,0,0
610308,Wilma Rudolph Elementary Learning Center,Network 6,92,8,19,8,8,14,5,19,11,0,0,0,0,0,0,0
609966,Charles G Hammond Elementary School,Network 7,438,22,30,40,43,35,44,44,53,47,42,38,0,0,0,0
610063,Cyrus H McCormick Elementary School,Network 7,712,31,46,87,118,91,112,108,119,0,0,0,0,0,0,0
609870,Daniel J Corkery Elementary School,Network 7,525,9,31,60,51,46,58,58,56,43,54,59,0,0,0,0
609704,David G Farragut Career Academy High School,Network 7,728,6,9,0,0,0,0,0,0,0,0,0,148,192,195,178
610227,Eli Whitney Elementary School,Network 7,986,21,42,86,73,116,93,120,112,116,95,112,0,0,0,0
610215,Francisco I Madero Middle School,Network 7,334,0,0,0,0,0,0,0,0,118,99,117,0,0,0,0
609920,Gerald Delgado Kanoon Elementary Magnet School,Network 7,628,5,15,59,54,63,82,66,66,58,77,83,0,0,0,0
610383,Greater Lawndale High School For Social Justice,Network 7,286,0,0,0,0,0,0,0,0,0,0,0,62,68,100,56
610384,Infinity Math Science and Technology High School,Network 7,418,0,0,0,0,0,0,0,0,0,0,0,107,97,116,98
610125,Irma C Ruiz Elementary School,Network 7,694,10,32,55,67,64,82,75,77,97,68,67,0,0,0,0
610216,John A Walsh Elementary School,Network 7,349,14,25,32,29,26,39,33,39,33,36,43,0,0,0,0
610228,John Greenleaf Whittier Elementary School,Network 7,231,5,11,18,17,25,26,21,27,34,30,17,0,0,0,0
610184,John Spry Elementary Community School,Network 7,538,13,22,46,67,37,60,49,66,61,63,54,0,0,0,0
609950,Josefa Ortiz De Dominguez Elementary School,Network 7,535,32,65,124,159,155,0,0,0,0,0,0,0,0,0,0
609938,Joseph E Gary Elementary School,Network 7,1114,20,42,0,0,0,168,178,190,170,194,152,0,0,0,0
610015,Joseph Jungman Elementary School,Network 7,286,18,14,30,28,21,26,24,40,27,32,26,0,0,0,0
610129,Josiah Pickard Elementary School,Network 7,444,2,29,30,47,32,46,50,52,50,56,50,0,0,0,0
609872,Manuel Perez Elementary School,Network 7,297,13,24,24,29,27,34,24,31,23,37,31,0,0,0,0
610017,Maria Saucedo Elementary Scholastic Academy,Network 7,1007,20,45,89,99,94,102,112,119,117,105,105,0,0,0,0
610385,Multicultural Academy of Scholarship,Network 7,230,0,0,0,0,0,0,0,0,0,0,0,49,55,72,54
610329,Orozco Fine Arts & Sciences Elementary School,Network 7,540,10,21,24,29,31,30,30,31,113,105,116,0,0,0,0
609867,Peter Cooper Elementary Dual Language Academy,Network 7,459,17,30,60,61,68,64,78,81,0,0,0,0,0,0,0
610013,Pilsen Elementary Community Academy,Network 7,331,11,24,27,36,31,26,30,36,42,35,33,0,0,0,0
610357,Spry Community Links High School,Network 7,129,0,0,0,0,0,0,0,0,0,0,0,37,35,40,17
609921,Telpochcalli Elementary School,Network 7,282,4,16,20,38,23,30,37,26,32,25,31,0,0,0,0
609967,William F Finkl Elementary School,Network 7,359,17,28,38,24,43,39,33,29,42,28,38,0,0,0,0
610392,World Language Academy High School,Network 7,352,0,0,0,0,0,0,0,0,0,0,0,95,109,81,67
609993,Agustin Lara Elementary Academy,Network 8,441,15,38,43,30,41,41,50,48,42,46,47,0,0,0,0
610317,Brighton Park Elementary School,Network 8,453,9,22,30,40,45,45,53,48,44,47,70,0,0,0,0
610353,Calmeca Academy of Fine Arts and Dual Language,Network 8,807,17,43,73,74,92,80,92,85,80,89,82,0,0,0,0
610170,Columbia Explorers Elementary Academy,Network 8,1064,28,65,63,90,110,96,130,122,136,114,110,0,0,0,0
609909,Edward Everett Elementary School,Network 8,200,17,27,33,22,26,21,28,26,0,0,0,0,0,0,0
609735,Edward Tilden Career Community Academy HS,Network 8,250,0,0,0,0,0,0,0,0,0,0,0,57,63,60,70
609682,Ellen H Richards Career Academy High School,Network 8,217,0,0,0,0,0,0,0,0,0,0,0,59,51,56,51
610319,Evergreen Academy Middle School,Network 8,315,0,0,0,0,0,0,0,0,109,106,100,0,0,0,0
610096,Florence Nightingale Elementary School,Network 8,1254,40,84,116,107,126,128,146,129,137,121,120,0,0,0,0
609709,Gage Park High School,Network 8,328,0,0,0,0,0,0,0,0,0,0,0,91,86,69,82
610532,Irene C. Hernandez Middle School for the Advancement of Science,Network 8,997,0,0,0,0,0,0,0,0,306,338,353,0,0,0,0
609983,James Hedges Elementary School,Network 8,665,25,40,61,64,59,75,73,83,62,59,64,0,0,0,0
610174,James Shields Elementary School,Network 8,838,32,76,115,123,139,179,174,0,0,0,0,0,0,0,0
610559,James Shields Middle School,Network 8,604,0,0,0,0,0,0,0,136,127,159,182,0,0,0,0
609964,John H Hamline Elementary School,Network 8,537,14,27,61,55,51,57,60,50,69,49,44,0,0,0,0
609694,John Hancock College Preparatory High School,Network 8,971,0,0,0,0,0,0,0,0,0,0,0,296,238,210,227
609756,Marie Sklodowska Curie Metropolitan High School,Network 8,2916,0,0,0,0,0,0,0,0,0,0,0,758,708,691,759
609876,Nathan S Davis Elementary School,Network 8,740,33,63,71,62,62,87,75,84,74,63,66,0,0,0,0
609952,Nathanael Greene Elementary School,Network 8,498,6,27,59,57,80,78,99,92,0,0,0,0,0,0,0
610239,Richard J Daley Elementary Academy,Network 8,595,7,27,43,57,57,61,67,74,71,64,67,0,0,0,0
610157,Sidney Sawyer Elementary School,Network 8,1545,0,0,123,135,135,191,188,203,182,207,181,0,0,0,0
610226,Socorro Sandoval Elementary School,Network 8,969,12,20,123,123,147,169,179,196,0,0,0,0,0,0,0
609715,Thomas Kelly High School,Network 8,1891,0,0,0,0,0,0,0,0,0,0,0,465,539,516,371
609855,Walter S Christopher Elementary School,Network 8,380,0,0,25,30,41,45,45,50,48,48,48,0,0,0,0
610167,William H Seward Communication Arts Academy ES,Network 8,685,14,24,69,67,70,70,82,78,74,65,72,0,0,0,0
610175,Beulah Shoesmith Elementary School,Network 9,363,0,0,52,43,56,57,48,57,50,0,0,0,0,0,0
609969,Bret Harte Elementary School,Network 9,319,8,26,33,20,29,32,32,31,43,26,39,0,0,0,0
610381,Bronzeville Scholastic Academy High School,Network 9,322,0,0,0,0,0,0,0,0,0,0,0,72,51,101,98
610345,Carter G Woodson South Elementary School,Network 9,330,13,6,29,32,33,35,38,41,41,36,26,0,0,0,0
610030,Charles Kozminski Elementary Community Academy,Network 9,257,10,15,26,24,25,14,23,25,27,27,41,0,0,0,0
610380,Daniel Hale Williams Prep School of Medicine,Network 9,231,0,0,0,0,0,0,0,0,0,0,0,70,44,55,62
609751,Dr  Martin Luther King  Jr  College Prep HS,Network 9,599,0,0,0,0,0,0,0,0,0,0,0,129,144,154,172
609819,Edmond Burke Elementary School,Network 9,432,32,40,47,38,38,48,35,44,39,34,37,0,0,0,0
610246,Edward Beasley Elementary Magnet Academic Center,Network 9,1246,46,79,113,118,123,123,144,132,135,104,129,0,0,0,0
610065,Emmett Louis Till Math and Science Academy,Network 9,346,15,24,31,41,29,37,44,39,29,27,30,0,0,0,0
609713,Hyde Park Academy High School,Network 9,856,0,0,0,0,0,0,0,0,0,0,0,261,165,215,215
610110,Ida B Wells Preparatory Elementary Academy,Network 9,390,19,39,38,40,37,39,30,40,44,39,25,0,0,0,0
610276,Irvin C Mollison Elementary School,Network 9,343,5,12,28,35,35,47,44,34,47,28,28,0,0,0,0
610256,Jackie Robinson Elementary School,Network 9,121,16,23,30,23,14,15,0,0,0,0,0,0,0,0,0
609891,James R Doolittle Jr Elementary School,Network 9,277,16,19,28,21,40,37,25,22,24,28,17,0,0,0,0
610213,James Wadsworth Elementary School,Network 9,551,14,45,50,49,49,70,50,57,57,48,62,0,0,0,0
609894,John B Drake Elementary School,Network 9,341,15,26,27,40,32,41,26,42,31,27,34,0,0,0,0
609919,John Fiske Elementary School,Network 9,461,28,39,47,34,52,38,51,48,35,45,44,0,0,0,0
610126,John J Pershing Elementary Humanities Magnet,Network 9,590,12,23,39,65,77,75,59,77,67,56,40,0,0,0,0
609746,Kenwood Academy High School,Network 9,1756,0,0,0,0,0,0,0,0,0,137,128,382,403,368,338
610237,Ludwig Van Beethoven Elementary School,Network 9,388,26,35,39,32,35,27,44,47,33,37,33,0,0,0,0
609676,Paul Laurence Dunbar Career Academy High School,Network 9,457,0,0,0,0,0,0,0,0,0,0,0,114,110,118,115
610090,Phillip Murray Elementary Language Academy,Network 9,519,0,0,60,61,58,59,59,64,60,47,51,0,0,0,0
609987,Thomas A Hendricks Elementary Community Academy,Network 9,244,14,25,26,32,16,24,25,16,23,23,20,0,0,0,0
610143,William C Reavis Math & Science Specialty ES,Network 9,253,17,37,22,19,20,25,29,20,25,19,20,0,0,0,0
610142,William H Ray Elementary School,Network 9,725,42,59,75,77,71,72,73,73,66,64,53,0,0,0,0
609977,Woodlawn Community Elementary School,Network 9,216,13,27,22,25,27,29,24,27,22,0,0,0,0,0,0
610185,Adlai E Stevenson Elementary School,Network 10,1257,26,66,100,113,125,142,109,143,156,129,148,0,0,0,0
609788,Alice L Barnard Computer Math & Science Ctr ES,Network 10,324,8,17,30,30,38,34,31,34,36,31,35,0,0,0,0
610084,Annie Keller Elementary Gifted Magnet School,Network 10,243,0,0,0,28,29,30,33,31,31,30,31,0,0,0,0
610287,Ashburn Community Elementary School,Network 10,517,13,24,29,61,54,49,66,68,50,46,57,0,0,0,0
609871,Barbara Vick Early Childhood & Family Center,Network 10,316,122,194,0,0,0,0,0,0,0,0,0,0,0,0,0
610087,Blair Early Childhood Center,Network 10,190,40,89,28,33,0,0,0,0,0,0,0,0,0,0,0
609839,Carroll-Rosenwald Specialty Elementary School,Network 10,422,6,14,38,31,30,58,42,42,58,57,46,0,0,0,0
609879,Charles Gates Dawes Elementary School,Network 10,992,26,45,72,107,109,108,114,115,106,77,113,0,0,0,0
610347,Claremont Academy Elementary School,Network 10,434,11,17,42,45,44,60,41,54,44,33,43,0,0,0,0
610077,Donald Morrill Math & Science Elementary School,Network 10,648,16,36,47,61,62,66,84,65,82,56,73,0,0,0,0
610352,Durkin Park Elementary School,Network 10,696,25,37,66,65,68,74,72,81,78,61,69,0,0,0,0
610006,Edward N Hurley Elementary School,Network 10,830,19,43,65,82,74,94,97,90,104,92,70,0,0,0,0
610195,Elizabeth H Sutherland Elementary School,Network 10,557,0,0,49,53,66,65,73,73,66,53,59,0,0,0,0
609908,Esmond Elementary School,Network 10,280,0,20,13,28,34,36,23,28,39,31,28,0,0,0,0
610057,Fairfield Elementary Academy,Network 10,576,8,22,59,52,60,70,58,65,67,60,55,0,0,0,0
610067,Francis M McKay Elementary School,Network 10,802,28,48,77,88,81,99,87,92,94,51,57,0,0,0,0
609849,George F Cassell Elementary School,Network 10,411,0,0,29,40,53,55,55,53,35,49,42,0,0,0,0
609741,Gurdon S Hubbard High School,Network 10,1777,0,0,0,0,0,0,0,0,0,0,0,404,442,492,439
609861,Henry R Clissold Elementary School,Network 10,509,0,0,53,51,55,58,62,63,63,56,48,0,0,0,0
609893,John C Dore Elementary School,Network 10,715,6,27,62,77,80,76,80,80,78,77,72,0,0,0,0
609898,John F Eberhart Elementary School,Network 10,1377,0,0,115,128,135,172,156,177,162,170,162,0,0,0,0
609718,John F Kennedy High School,Network 10,1690,0,0,0,0,0,0,0,0,0,0,0,404,433,444,409
610207,John H Vanderpoel Elementary Magnet School,Network 10,280,0,0,27,28,25,32,28,29,28,37,46,0,0,0,0
610016,Kate S Kellogg Elementary School,Network 10,257,0,0,26,29,28,32,31,34,29,27,21,0,0,0,0
609807,Lionel Hampton Fine & Performing Arts ES,Network 10,539,0,0,48,52,51,66,54,49,53,79,87,0,0,0,0
610206,Mark Twain Elementary School,Network 10,1131,11,25,92,104,113,144,135,124,124,124,135,0,0,0,0
609832,Michael M Byrne Elementary School,Network 10,673,0,0,70,54,79,73,64,72,74,101,86,0,0,0,0
609725,Morgan Park High School,Network 10,1268,0,0,0,0,0,0,0,0,0,49,41,271,311,304,292
609960,Nathan Hale Elementary School,Network 10,932,0,0,77,105,96,109,111,112,114,102,106,0,0,0,0
609981,Phoebe Apperson Hearst Elementary School,Network 10,359,16,30,31,39,35,43,30,35,45,24,31,0,0,0,0
610588,Robert J. Richardson Middle School,Network 10,1211,0,0,0,0,0,0,0,334,303,278,296,0,0,0,0
609956,Robert L Grimes Elementary School,Network 10,455,12,28,44,36,41,49,51,60,48,46,40,0,0,0,0
610558,Sarah E. Goode STEM Academy,Network 10,900,0,0,0,0,0,0,0,0,0,0,0,260,241,224,175
610109,William Bishop Owen Scholastic Academy ES,Network 10,268,0,0,28,29,30,30,31,29,32,28,31,0,0,0,0
609698,William J Bogan High School,Network 10,781,0,0,0,0,0,0,0,0,0,0,0,199,192,197,193
609869,Anna R. Langford Community Academy,Network 11,267,13,21,20,27,28,35,30,24,26,15,28,0,0,0,0
610037,Arthur A Libby Elementary School,Network 11,354,0,0,31,53,35,44,48,41,36,39,27,0,0,0,0
609941,Asa Philip Randolph Elementary School,Network 11,509,18,32,53,55,57,49,56,42,45,58,44,0,0,0,0
610290,Benjamin E Mays Elementary Academy,Network 11,371,14,19,32,42,42,48,37,46,27,37,27,0,0,0,0
610238,Carrie Jacobs Bond Elementary School,Network 11,291,9,25,21,38,34,26,31,26,32,21,28,0,0,0,0
609986,Charles R Henderson Elementary School,Network 11,275,16,21,20,29,25,30,24,30,28,26,26,0,0,0,0
609897,Charles W Earle Elementary School,Network 11,416,14,43,32,39,48,59,40,35,39,30,37,0,0,0,0
609790,Clara Barton Elementary School,Network 11,389,21,24,23,35,42,52,36,47,39,39,31,0,0,0,0
609748,Consuella B York Alternative HS,Network 11,210,0,0,0,0,0,0,0,0,0,0,0,77,40,52,41
610223,Daniel S Wentworth Elementary School,Network 11,449,12,32,34,48,45,50,54,45,42,45,42,0,0,0,0
610299,Dr. Martin L. King Jr Academy of Social Justice,Network 11,244,11,28,26,20,19,24,36,16,26,22,16,0,0,0,0
609924,Fort Dearborn Elementary School,Network 11,367,9,23,29,38,39,43,38,43,46,23,36,0,0,0,0
609927,Foster Park Elementary School,Network 11,360,21,33,38,40,28,37,34,42,35,20,32,0,0,0,0
610112,Francis W Parker Elementary Community Academy,Network 11,491,34,50,59,50,44,52,43,40,39,40,40,0,0,0,0
609768,Hope College Preparatory High School,Network 11,95,0,0,0,0,0,0,0,0,0,0,0,28,21,26,20
610173,Jesse Sherwood Elementary School,Network 11,335,17,35,32,36,31,38,31,34,25,25,31,0,0,0,0
609864,John W Cook Elementary School,Network 11,383,15,16,37,43,42,40,42,48,29,36,35,0,0,0,0
610019,Joshua D Kershaw Elementary School,Network 11,265,18,19,27,30,27,29,22,25,27,24,17,0,0,0,0
609793,Lillian R. Nicholson STEM Academy,Network 11,472,13,23,40,53,49,65,46,51,51,40,41,0,0,0,0
610108,Luke O'Toole Elementary School,Network 11,357,7,31,28,28,29,41,36,50,35,37,35,0,0,0,0
610369,Mahalia Jackson Elementary School,Network 11,354,19,20,31,35,42,55,41,30,27,27,27,0,0,0,0
610362,Medgar Evers Elementary School,Network 11,279,12,27,17,12,30,30,26,35,35,32,23,0,0,0,0
609783,Nancy B Jefferson Alternative HS,Network 11,213,0,0,0,0,0,0,0,0,1,4,11,80,84,23,10
610300,Oliver S Westcott Elementary School,Network 11,399,24,25,49,45,36,57,34,45,27,27,30,0,0,0,0
609997,Oliver Wendell Holmes Elementary School,Network 11,163,15,24,11,14,17,17,17,12,10,7,19,0,0,0,0
610003,Paul Cuffe Math-Science Technology Academy ES,Network 11,319,14,18,22,28,19,28,37,38,47,29,39,0,0,0,0
609707,Paul Robeson High School,Network 11,128,0,0,0,0,0,0,0,0,0,0,0,39,24,35,30
609791,Perkins Bass Elementary School,Network 11,447,9,35,43,48,46,59,43,55,36,34,39,0,0,0,0
610102,Richard J Oglesby Elementary School,Network 11,489,8,19,53,51,60,67,50,52,41,48,40,0,0,0,0
609929,Robert Fulton Elementary School,Network 11,335,12,31,22,31,35,44,29,33,41,33,24,0,0,0,0
610391,Robert Lindblom Math & Science Academy HS,Network 11,1325,0,0,0,0,0,0,0,0,0,124,111,265,274,298,253
610027,Rudyard Kipling Elementary School,Network 11,295,0,0,26,27,23,38,39,47,40,27,28,0,0,0,0
609805,Scott Joplin Elementary School,Network 11,411,15,22,44,39,52,43,41,32,48,46,29,0,0,0,0
610521,Sir Miles Davis Magnet Elementary Academy,Network 11,250,0,0,18,27,32,25,36,33,30,31,18,0,0,0,0
610506,TEAM Englewood Community Academy High School,Network 11,92,0,0,0,0,0,0,0,0,0,0,0,10,21,24,37
609895,Turner-Drew Elementary Language Academy,Network 11,248,0,0,24,29,31,24,27,28,29,28,28,0,0,0,0
610032,Wendell E Green Elementary School,Network 11,368,8,21,36,35,43,53,40,26,33,32,41,0,0,0,0
610153,William H Ryder Math & Science Specialty ES,Network 11,401,15,32,29,38,27,35,55,49,45,31,45,0,0,0,0
609711,William Rainey Harper High School,Network 11,134,0,0,0,0,0,0,0,0,0,0,0,25,38,39,32
610281,Adam Clayton Powell Paideia Community Academy ES,Network 12,598,0,0,65,66,58,71,70,70,74,62,62,0,0,0,0
610316,Amelia Earhart Options for Knowledge ES,Network 12,239,0,0,21,31,21,31,26,21,32,32,24,0,0,0,0
610171,Arnold Mireles Elementary Academy,Network 12,535,7,21,51,57,51,59,60,45,68,55,61,0,0,0,0
609887,Arthur Dixon Elementary School,Network 12,567,15,25,33,37,47,51,45,67,59,90,98,0,0,0,0
610268,Arthur R Ashe Elementary School,Network 12,322,14,6,31,42,23,40,35,38,34,35,24,0,0,0,0
609786,Avalon Park Elementary School,Network 12,296,6,12,31,35,37,32,29,40,18,29,27,0,0,0,0
610323,Bowen High School,Network 12,297,0,0,0,0,0,0,0,0,0,0,0,47,81,95,74
609827,Burnside Elementary Scholastic Academy,Network 12,464,11,15,44,48,43,48,43,58,52,53,49,0,0,0,0
609833,Charles P Caldwell Academy of Math & Science ES,Network 12,268,19,19,26,19,24,31,20,26,23,25,36,0,0,0,0
609813,Charles S Brownell Elementary School,Network 12,216,12,21,27,30,24,25,24,26,27,0,0,0,0,0,0
609674,Chicago Vocational Career Academy High School,Network 12,880,0,0,0,0,0,0,0,0,0,0,0,263,164,240,213
609815,Edward A Bouchet Math & Science Academy ES,Network 12,612,18,19,77,66,54,66,80,54,74,59,45,0,0,0,0
609862,Edward Coles Elementary Language Academy,Network 12,434,10,26,42,34,44,46,52,46,45,44,45,0,0,0,0
609712,Emil G Hirsch Metropolitan High School,Network 12,137,0,0,0,0,0,0,0,0,0,0,0,38,35,27,37
610124,Harold Washington Elementary School,Network 12,315,12,16,32,40,30,31,32,32,32,23,35,0,0,0,0
610279,Henry O Tanner Elementary School,Network 12,345,9,20,27,17,48,44,32,47,43,21,37,0,0,0,0
610052,Horace Mann Elementary School,Network 12,350,10,17,38,35,35,48,28,34,38,23,44,0,0,0,0
610066,James E McDade Elementary Classical School,Network 12,195,0,0,27,29,29,28,29,28,25,0,0,0,0,0,0
610047,James Madison Elementary School,Network 12,244,6,13,18,24,19,34,28,30,26,20,26,0,0,0,0
610200,James N Thorp Elementary School,Network 12,325,12,26,20,29,43,38,28,25,31,37,36,0,0,0,0
610093,Jane A Neil Elementary School,Network 12,264,8,12,16,21,34,25,28,33,43,24,20,0,0,0,0
609710,John M Harlan Community Academy High School,Network 12,386,0,0,0,0,0,0,0,0,0,0,0,92,103,91,100
610130,John T Pirie Fine Arts & Academic Center ES,Network 12,261,17,9,27,33,31,28,48,35,33,0,0,0,0,0,0
610218,Joseph Warren Elementary School,Network 12,236,11,12,24,24,23,29,18,17,28,26,24,0,0,0,0
610152,Martha Ruggles Elementary School,Network 12,415,11,26,32,44,47,43,47,52,41,32,40,0,0,0,0
609961,Ninos Heroes Elementary Academic Center,Network 12,372,11,18,47,29,34,42,33,42,40,32,44,0,0,0,0
610115,Park Manor Elementary School,Network 12,294,7,13,32,23,29,38,40,31,28,22,31,0,0,0,0
610116,Parkside Elementary Community Academy,Network 12,240,8,22,27,26,23,32,23,25,17,19,18,0,0,0,0
610146,Paul Revere Elementary School,Network 12,241,3,16,28,29,16,33,20,26,27,19,24,0,0,0,0
610350,Robert A Black Magnet Elementary School,Network 12,439,0,0,47,40,49,46,52,54,55,49,47,0,0,0,0
610530,South Shore Fine Arts Academy,Network 12,396,6,26,46,31,44,42,35,49,40,41,36,0,0,0,0
610547,South Shore Intl College Prep High School,Network 12,649,0,0,0,0,0,0,0,0,0,0,0,208,174,142,125
610178,Theophilus Schmid Elementary School,Network 12,191,15,22,11,18,14,14,20,24,24,16,13,0,0,0,0
610002,Thomas Hoyne Elementary School,Network 12,253,0,0,18,28,34,31,31,29,30,24,28,0,0,0,0
610193,William K New Sullivan Elementary School,Network 12,512,9,17,48,52,56,71,56,59,61,44,39,0,0,0,0
609808,Alex Haley Elementary Academy,Network 13,541,16,38,44,47,47,74,64,52,56,47,56,0,0,0,0
609705,Christian Fenger Academy High School,Network 13,251,0,0,0,0,0,0,0,0,0,0,0,59,67,66,59
610004,Countee Cullen Elementary School,Network 13,186,0,0,25,25,18,22,20,26,17,13,20,0,0,0,0
610198,Douglas Taylor Elementary School,Network 13,444,8,29,29,38,49,50,47,51,47,45,51,0,0,0,0
610188,Dunne Technology Academy,Network 13,258,3,29,20,23,25,21,23,29,34,24,27,0,0,0,0
610132,Edgar Allan Poe Elementary Classical School,Network 13,208,0,0,26,29,30,32,30,32,29,0,0,0,0,0,0
610315,Edward White Elementary Career Academy,Network 13,162,5,13,25,12,14,15,15,17,17,18,11,0,0,0,0
609917,Fernwood Elementary School,Network 13,301,13,18,31,34,33,31,32,37,24,20,28,0,0,0,0
609800,Frank I Bennett Elementary School,Network 13,308,13,20,29,31,31,36,26,39,30,24,29,0,0,0,0
609761,George H Corliss High School,Network 13,310,0,0,0,0,0,0,0,0,0,0,0,67,63,94,86
610139,George M Pullman Elementary School,Network 13,390,11,11,49,37,37,49,46,42,37,36,35,0,0,0,0
609845,George Washington Carver Primary School,Network 13,493,24,35,47,60,45,59,56,48,46,32,41,0,0,0,0
610219,George Washington Elementary School,Network 13,873,19,47,77,80,89,100,85,106,89,91,90,0,0,0,0
609739,George Washington High School,Network 13,1436,0,0,0,0,0,0,0,0,0,0,0,382,367,364,323
609726,Gwendolyn Brooks College Preparatory Academy HS,Network 13,961,0,0,0,0,0,0,0,0,0,58,61,186,237,231,188
609856,Henry Clay Elementary School,Network 13,618,15,42,51,54,61,70,59,63,60,75,68,0,0,0,0
609848,Ira F Aldridge Elementary School,Network 13,199,7,9,18,19,23,25,18,19,30,16,15,0,0,0,0
609943,Jesse Owens Elementary Community Academy,Network 13,397,11,20,38,38,52,50,39,32,34,43,40,0,0,0,0
610176,John D Shoop Math-Science Technical Academy ES,Network 13,430,14,18,34,35,55,50,50,49,41,50,34,0,0,0,0
610054,John L Marsh Elementary School,Network 13,751,18,33,55,76,65,98,81,81,83,84,77,0,0,0,0
610225,John Whistler Elementary School,Network 13,344,7,26,33,41,30,36,34,40,41,27,29,0,0,0,0
610199,Johnnie Colemon Elementary Academy,Network 13,251,14,21,19,19,21,27,29,28,32,23,18,0,0,0,0
610368,Langston Hughes Elementary School,Network 13,470,27,61,42,43,45,57,41,40,39,48,27,0,0,0,0
610128,Marcus Moziah Garvey Elementary School,Network 13,250,11,22,26,31,20,29,23,25,22,17,24,0,0,0,0
609935,Matthew Gallistel Elementary Language Academy,Network 13,793,20,43,54,73,54,82,74,88,83,82,140,0,0,0,0
610208,Mildred I Lavizzo Elementary School,Network 13,357,5,12,29,38,30,43,45,40,42,35,38,0,0,0,0
610086,Mount Vernon Elementary School,Network 13,232,4,11,23,23,24,20,30,25,27,25,20,0,0,0,0
609811,Orville T Bright Elementary School,Network 13,282,8,14,31,33,35,33,20,32,28,24,24,0,0,0,0
609762,Percy L Julian High School,Network 13,516,0,0,0,0,0,0,0,0,0,0,0,86,142,162,126
609902,Ralph H Metcalfe Elementary Community Academy,Network 13,387,7,30,36,31,38,52,42,29,44,42,36,0,0,0,0
610091,Ronald Brown Elementary Community Academy,Network 13,321,1,27,24,30,39,39,36,35,38,22,30,0,0,0,0
610586,Southeast Area Elementary School,Network 13,518,17,34,57,66,41,52,67,56,70,58,0,0,0,0,0
610295,Thomas J Higgins Elementary Community Academy,Network 13,268,10,18,28,25,34,23,30,32,19,29,20,0,0,0,0
609978,Wendell Smith Elementary School,Network 13,360,4,16,40,28,40,56,32,44,41,32,27,0,0,0,0
610364,William E B Dubois Elementary School,Network 13,235,9,12,23,32,26,21,24,17,22,27,22,0,0,0,0
610339,Amos Alonzo Stagg Elementary School,AUSL,416,8,24,34,31,40,44,50,55,55,37,38,0,0,0,0
610106,Brian Piccolo Elementary Specialty School,AUSL,598,13,39,58,61,71,73,67,60,65,43,48,0,0,0,0
609883,Charles S Deneen Elementary School,AUSL,524,19,32,50,40,60,61,57,57,58,41,49,0,0,0,0
610248,Chicago Academy Elementary School,AUSL,602,23,45,56,56,56,60,60,60,62,62,62,0,0,0,0
610340,Chicago Academy High School,AUSL,542,0,0,0,0,0,0,0,0,0,0,0,138,143,141,120
610499,Collins Academy High School,AUSL,260,0,0,0,0,0,0,0,0,0,0,0,67,69,52,72
609885,Dewey Elementary Academy of Fine Arts,AUSL,420,21,50,51,39,41,48,37,37,38,31,27,0,0,0,0
610254,Dvorak Technology Academy,AUSL,383,25,40,42,38,39,32,34,33,35,34,31,0,0,0,0
610543,Eric Solorio Academy High School,AUSL,1190,0,0,0,0,0,0,0,0,0,0,0,346,275,274,295
609900,George W Curtis Elementary School,AUSL,520,9,22,50,59,51,67,62,56,55,46,43,0,0,0,0
610103,Isabelle C O'Keeffe Elementary School,AUSL,662,17,32,57,54,64,81,86,81,70,60,60,0,0,0,0
610274,James Weldon Johnson Elementary School,AUSL,428,25,31,27,29,45,44,50,48,47,43,39,0,0,0,0
610263,John Foster Dulles Elementary School,AUSL,660,25,30,63,81,84,88,77,67,57,33,55,0,0,0,0
609971,John Harvard Elementary School of Excellence,AUSL,392,6,22,39,41,49,47,44,35,42,38,29,0,0,0,0
610000,Julia Ward Howe Elementary School of Excellence,AUSL,481,7,26,26,40,62,57,47,51,56,56,53,0,0,0,0
610036,Leslie Lewis Elementary School,AUSL,486,18,18,54,51,50,51,51,52,44,50,47,0,0,0,0
610053,Marquette Elementary School,AUSL,1171,18,44,99,105,116,131,142,122,128,137,129,0,0,0,0
609928,Melville W Fuller Elementary School,AUSL,375,10,17,29,22,34,38,57,39,45,45,39,0,0,0,0
610257,Morton School of Excellence,AUSL,310,12,26,27,25,33,30,28,30,37,26,36,0,0,0,0
609806,Myra Bradwell Communications Arts & Sciences ES,AUSL,489,7,13,40,54,58,63,56,58,52,41,47,0,0,0,0
610231,National Teachers Elementary Academy,AUSL,723,5,15,81,83,98,91,97,85,53,61,54,0,0,0,0
610389,Orr Academy High School,AUSL,277,0,0,0,0,0,0,0,0,0,0,0,50,91,57,79
610021,Pablo Casals Elementary School,AUSL,437,18,26,35,35,42,64,40,46,43,41,47,0,0,0,0
610282,Ronald E McNair Elementary School,AUSL,399,14,22,28,33,53,49,46,41,48,40,25,0,0,0,0
610396,Tarkington School of Excellence ES,AUSL,997,9,28,94,83,109,105,125,112,111,99,122,0,0,0,0
609991,Theodore Herzl Elementary School,AUSL,589,53,69,66,51,59,65,48,46,50,44,38,0,0,0,0
609851,Thomas Chalmers Specialty Elementary School,AUSL,377,14,26,42,42,34,48,40,43,39,25,24,0,0,0,0
609955,Walter Q Gresham Elementary School,AUSL,325,9,15,40,29,35,38,39,31,30,30,29,0,0,0,0
609727,Wendell Phillips Academy High School,AUSL,634,0,0,0,0,0,0,0,0,0,0,0,198,170,144,122
610172,William T Sherman Elementary School,AUSL,257,6,10,26,32,25,34,33,20,30,24,17,0,0,0,0
609844,William W Carter Elementary School,AUSL,433,13,18,39,41,49,57,57,48,42,37,32,0,0,0,0
610342,Albert R Sabin Elementary Magnet School,ISP,585,0,0,47,58,70,67,65,70,75,71,62,0,0,0,0
610098,Alfred Nobel Elementary School,ISP,775,6,35,60,83,85,87,83,89,84,90,73,0,0,0,0
609837,Andrew Carnegie Elementary School,ISP,635,6,15,58,74,74,84,71,63,81,55,54,0,0,0,0
609951,Ariel Elementary Community Academy,ISP,523,17,15,46,48,55,59,49,61,67,49,57,0,0,0,0
609820,Augustus H Burley Elementary School,ISP,533,7,13,63,60,61,57,58,55,54,53,52,0,0,0,0
610563,Back of the Yards IB HS,ISP,1061,0,0,0,0,0,0,0,0,0,0,0,275,282,249,255
609764,Benito Juarez Community Academy High School,ISP,1734,0,0,0,0,0,0,0,0,0,0,0,529,429,422,354
610076,Bernhard Moos Elementary School,ISP,465,19,21,33,53,51,47,49,63,57,34,38,0,0,0,0
609821,Burnham Elementary Inclusive Academy,ISP,522,10,25,46,52,58,57,65,40,57,60,52,0,0,0,0
610039,Carl von Linne Elementary School,ISP,665,21,38,78,73,60,68,67,83,59,51,67,0,0,0,0
610148,Cesar E Chavez Multicultural Academic Center ES,ISP,966,29,41,100,100,104,118,109,104,89,80,92,0,0,0,0
610366,Charles H Wacker Elementary School,ISP,298,19,22,28,37,26,38,29,23,34,24,18,0,0,0,0
609875,Charles R Darwin Elementary School,ISP,518,23,40,46,48,37,63,48,47,63,46,57,0,0,0,0
609753,Chicago High School for Agricultural Sciences,ISP,718,0,0,0,0,0,0,0,0,0,0,0,199,179,161,179
609899,Christian Ebinger Elementary School,ISP,832,0,0,102,106,93,102,94,101,83,76,75,0,0,0,0
609863,Christopher Columbus Elementary School,ISP,284,10,18,24,26,28,25,32,30,32,29,30,0,0,0,0
610402,DeVry University Advantage Academy HS,ISP,193,0,0,0,0,0,0,0,0,0,0,0,0,0,103,90
610533,Dr Jorge Prieto Math and Science,ISP,999,15,26,74,78,104,103,114,135,131,110,109,0,0,0,0
610073,Ellen Mitchell Elementary School,ISP,400,19,16,28,43,30,51,54,50,56,27,26,0,0,0,0
609973,Emiliano Zapata Elementary Academy,ISP,773,13,35,61,70,68,82,92,79,87,98,88,0,0,0,0
610203,Enrico Tonti Elementary School,ISP,1048,32,89,142,163,138,182,141,161,0,0,0,0,0,0,0
610541,Federico Garcia Lorca Elementary School,ISP,830,19,51,56,75,82,87,93,92,98,84,93,0,0,0,0
610120,Ferdinand Peck Elementary School,ISP,943,81,143,127,133,143,171,145,0,0,0,0,0,0,0,0
609939,Frank L Gillespie Elementary School,ISP,494,22,19,50,47,62,64,39,66,40,39,46,0,0,0,0
609958,Frank W Gunsaulus Elementary Scholastic Academy,ISP,810,18,68,77,76,73,78,87,84,90,78,81,0,0,0,0
609926,Franklin Elementary Fine Arts Center,ISP,372,0,0,60,61,62,31,32,33,32,32,29,0,0,0,0
610062,George B McClellan Elementary School,ISP,339,1,13,41,47,39,32,41,40,28,28,29,0,0,0,0
610040,Henry D Lloyd Elementary School,ISP,1097,52,96,151,154,169,145,157,173,0,0,0,0,0,0,0
610390,Hyman G Rickover Naval Academy High School,ISP,553,0,0,0,0,0,0,0,0,0,0,0,116,144,125,168
610217,James Ward Elementary School,ISP,584,13,26,62,60,59,68,65,67,64,45,55,0,0,0,0
609772,Jane Addams Elementary School,ISP,716,20,47,62,61,70,70,77,77,69,73,90,0,0,0,0
609789,John Barry Elementary School,ISP,718,43,69,82,73,72,94,104,86,95,0,0,0,0,0,0
609829,John C Burroughs Elementary School,ISP,476,15,43,38,43,50,48,49,49,45,45,51,0,0,0,0
610026,John H Kinzie Elementary School,ISP,686,9,40,61,59,67,68,82,71,72,83,74,0,0,0,0
610242,Joseph Brennemann Elementary School,ISP,443,11,24,50,43,47,45,46,47,42,40,48,0,0,0,0
610520,LaSalle II Magnet Elementary School,ISP,590,28,45,58,56,58,58,64,64,63,47,49,0,0,0,0
610024,Lazaro Cardenas Elementary School,ISP,555,25,53,121,103,115,138,0,0,0,0,0,0,0,0,0
610298,Lenart Elementary Regional Gifted Center,ISP,284,11,18,28,27,28,31,31,30,30,26,24,0,0,0,0
609738,Lincoln Park High School,ISP,2101,0,0,0,0,0,0,0,0,0,0,0,559,525,438,579
609834,Little Village Elementary School,ISP,786,15,36,60,68,67,98,89,93,88,90,82,0,0,0,0
609773,Louis A Agassiz Elementary School,ISP,464,8,13,49,41,44,54,52,41,53,62,47,0,0,0,0
610117,Louis Pasteur Elementary School,ISP,708,7,33,116,137,120,161,134,0,0,0,0,0,0,0,0
610197,Mancel Talcott Elementary School,ISP,500,6,20,61,41,53,46,51,60,52,53,57,0,0,0,0
610544,Mariano Azuela Elementary School,ISP,886,7,20,81,89,70,100,114,98,105,102,100,0,0,0,0
609780,Marine Leadership Academy at Ames,ISP,864,0,0,0,0,0,0,0,0,0,144,152,133,156,175,104
610177,Mark Skinner Elementary School,ISP,1094,7,3,124,128,129,135,152,132,128,84,72,0,0,0,0
610312,Mary E McDowell Elementary School,ISP,154,7,12,13,20,30,24,22,26,0,0,0,0,0,0,0
610082,Mount Greenwood Elementary School,ISP,1125,0,0,132,146,117,153,127,132,105,115,98,0,0,0,0
609692,Neal F Simeon Career Academy High School,ISP,1336,0,0,0,0,0,0,0,0,0,0,0,443,310,263,320
610201,Ole A Thorp Elementary Scholastic Academy,ISP,849,0,0,94,88,87,88,99,105,99,99,90,0,0,0,0
610386,Peace & Education Coalition HS,ISP,103,0,0,0,0,0,0,0,0,0,0,0,0,46,24,33
609842,Rachel Carson Elementary School,ISP,1094,52,63,94,76,104,121,127,122,112,114,109,0,0,0,0
609903,Richard Edwards Elementary School,ISP,1544,54,130,141,128,159,139,165,151,144,175,158,0,0,0,0
610291,Richard Henry Lee Elementary School,ISP,862,11,27,74,100,76,82,105,95,97,104,91,0,0,0,0
609695,Roald Amundsen High School,ISP,1226,0,0,0,0,0,0,0,0,0,0,0,330,318,318,260
609826,Rosario Castellanos Elementary School,ISP,601,0,0,0,0,0,0,126,133,117,121,104,0,0,0,0
609990,South Loop Elementary School,ISP,780,0,0,90,89,83,95,83,81,105,80,74,0,0,0,0
609745,Southside Occupational Academy High School,ISP,269,0,0,0,0,0,0,0,0,0,0,0,0,0,7,262
610249,Talman Elementary School,ISP,435,27,53,35,35,35,39,40,51,46,36,38,0,0,0,0
610504,Velma F Thomas Early Childhood Center,ISP,163,78,85,0,0,0,0,0,0,0,0,0,0,0,0,0
609944,Virgil Grissom Elementary School,ISP,353,13,22,29,35,27,30,41,38,45,41,32,0,0,0,0
610363,Walt Disney Magnet Elementary School,ISP,1564,38,35,199,198,195,178,154,165,153,120,129,0,0,0,0
610587,Walter Henri Dyett High School for the Arts,ISP,328,0,0,0,0,0,0,0,0,0,0,0,185,143,0,0
609680,Walter Payton College Preparatory High School,ISP,1072,0,0,0,0,0,0,0,0,0,0,0,337,294,220,221
610179,Washington D Smyser Elementary School,ISP,945,12,27,73,107,87,98,106,114,114,86,121,0,0,0,0
609755,Whitney M Young Magnet High School,ISP,2158,0,0,0,0,0,0,0,0,0,118,125,518,490,443,464
609678,William Jones College Preparatory High School,ISP,1865,0,0,0,0,0,0,0,0,0,0,0,465,454,445,501
400010,ACE Technical Charter School,Charter,316,0,0,0,0,0,0,0,0,0,0,1,45,91,92,87
400172,ASPIRA Business and Finance,Charter,487,0,0,0,0,0,0,0,0,0,0,0,141,188,158,0
400013,ASPIRA Charter School - Early College High School,Charter,376,0,0,0,0,0,0,0,0,0,0,0,67,116,96,97
400017,ASPIRA Charter School - Haugan Middle School,Charter,420,0,0,0,0,0,0,0,0,62,185,173,0,0,0,0
400009,Academy for Global Citizenship Charter School,Charter,469,0,0,54,52,53,52,50,56,53,48,51,0,0,0,0
400081,Acero Charter Schools - Bartolom de las Casas,Charter,278,0,0,27,32,32,30,32,32,32,29,32,0,0,0,0
400153,Acero Charter Schools - Brighton Park,Charter,564,0,0,62,63,63,64,64,63,60,65,60,0,0,0,0
400082,Acero Charter Schools - Carlos Fuentes,Charter,549,0,0,51,60,62,64,63,64,63,62,60,0,0,0,0
400114,Acero Charter Schools - Esmeralda Santiago,Charter,283,0,0,30,31,31,32,32,32,32,32,31,0,0,0,0
400112,Acero Charter Schools - Jovita Idar,Charter,569,0,0,63,63,63,63,64,63,64,63,63,0,0,0,0
400085,Acero Charter Schools - Major Hector P. Garcia MD,Charter,598,0,0,0,0,0,0,0,0,0,0,0,116,147,178,157
400083,Acero Charter Schools - Octavio Paz Campus,Charter,368,0,0,29,29,41,61,50,30,30,52,46,0,0,0,0
400089,Acero Charter Schools - Officer Donald J. Marquez,Charter,570,0,0,64,62,64,64,64,62,63,64,63,0,0,0,0
400080,Acero Charter Schools - PFC Omar E. Torres,Charter,579,0,0,60,72,64,64,64,64,64,63,64,0,0,0,0
400120,Acero Charter Schools - Roberto Clemente,Charter,544,0,0,44,63,64,60,61,62,63,63,64,0,0,0,0
400084,Acero Charter Schools - Rufino Tamayo,Charter,287,0,0,32,32,32,31,32,32,32,32,32,0,0,0,0
400079,Acero Charter Schools - SPC Daniel Zizumbo,Charter,625,0,0,61,90,64,62,63,64,96,61,64,0,0,0,0
400101,Acero Charter Schools - Sandra Cisneros,Charter,537,0,0,59,40,62,62,63,64,61,62,64,0,0,0,0
400121,Acero Charter Schools - Sor Juana Ins de la Cruz,Charter,677,0,0,32,55,59,63,63,49,59,55,60,50,30,45,57
400149,Acero Charter Schools - Victoria Soto,Charter,551,0,0,0,0,0,0,0,0,0,0,0,79,160,178,134
400011,Alain Locke Charter School,Charter,499,0,40,60,57,59,58,57,39,36,49,44,0,0,0,0
400060,Asian Human Services - Passages Charter School,Charter,447,13,24,52,42,43,42,47,50,46,38,50,0,0,0,0
400023,CICS - Avalon/South Shore,Charter,479,0,0,28,54,82,61,58,55,51,61,29,0,0,0,0
400024,CICS - Basil,Charter,737,0,0,69,94,96,96,89,93,71,66,63,0,0,0,0
400025,CICS - Bucktown,Charter,705,0,0,73,84,87,79,76,75,72,81,78,0,0,0,0
400113,CICS - ChicagoQuest North,Charter,262,0,0,0,0,0,0,0,0,0,0,0,60,90,60,52
400027,CICS - Irving Park,Charter,555,0,0,62,60,61,60,60,60,60,79,53,0,0,0,0
400092,CICS - Lloyd Bond,Charter,339,0,0,45,45,55,48,48,50,48,0,0,0,0,0,0
400033,CICS - Longwood,Charter,1335,0,0,0,0,0,149,140,142,145,145,137,123,127,112,115
400026,CICS - Loomis Primary,Charter,563,0,0,173,203,187,0,0,0,0,0,0,0,0,0,0
400034,CICS - Northtown,Charter,909,0,0,0,0,0,0,0,0,0,0,0,253,249,209,198
400028,CICS - Prairie,Charter,422,0,0,56,49,56,58,55,60,31,28,29,0,0,0,0
400032,CICS - Ralph Ellison,Charter,417,0,0,0,0,0,0,0,0,0,0,0,95,110,121,91
400029,CICS - Washington Park,Charter,458,0,0,57,58,64,56,60,29,51,47,36,0,0,0,0
400030,CICS - West Belden,Charter,526,0,0,57,60,59,59,59,60,60,57,55,0,0,0,0
400031,CICS - Wrightwood,Charter,766,0,0,93,87,87,87,83,90,85,80,74,0,0,0,0
400115,Catalyst - Maria Charter School,Charter,1077,0,0,60,60,60,60,60,60,60,57,64,148,130,138,120
400021,Catalyst Elementary Charter School - Circle Rock,Charter,522,0,0,61,61,61,61,60,61,57,52,48,0,0,0,0
400161,Chicago Collegiate Charter School,Charter,394,0,0,0,0,0,0,50,65,81,79,79,40,0,0,0
400035,Chicago Math and Science Academy Charter School,Charter,592,0,0,0,0,0,0,0,0,76,86,93,88,80,86,83
400036,Chicago Virtual Charter School,Charter,696,0,0,40,43,49,56,52,67,67,75,66,45,47,38,51
400159,Christopher House Charter School,Charter,341,0,0,56,61,53,62,58,51,0,0,0,0,0,0,0
400094,EPIC Academy Charter High School,Charter,538,0,0,0,0,0,0,0,0,0,0,0,183,140,142,73
400039,Erie Elementary Charter School,Charter,420,0,0,54,53,52,48,45,45,45,39,39,0,0,0,0
400171,Foundations College Preparatory Charter School,Charter,227,0,0,0,0,0,0,0,0,25,57,48,49,48,0,0
400040,Frazier Preparatory Academy Charter School,Charter,361,10,10,25,25,41,43,38,38,40,41,50,0,0,0,0
400168,Great Lakes Academy Charter School,Charter,297,0,0,68,69,62,66,32,0,0,0,0,0,0,0,0
400167,Horizon Science Academy Southwest Chicago Charter,Charter,719,0,0,70,77,80,68,71,74,56,57,56,34,38,38,0
400104,Instituto Health Sciences Career Academy,Charter,750,0,0,0,0,0,0,0,0,0,0,0,223,182,190,155
400162,Intrinsic Charter School,Charter,1012,0,0,0,0,0,0,0,0,0,173,160,183,182,158,156
400146,KIPP Academy Chicago Campus,Charter,346,0,0,0,0,0,0,0,83,91,89,83,0,0,0,0
400044,KIPP Ascend Charter School,Charter,904,0,0,101,110,114,116,116,91,93,92,71,0,0,0,0
400163,KIPP Chicago Charter School - KIPP Bloom,Charter,357,0,0,0,0,0,0,0,90,90,94,83,0,0,0,0
400180,KIPP One Academy,Charter,423,0,0,112,113,0,0,0,101,97,0,0,0,0,0,0
400045,Kwame Nkrumah Academy Charter School,Charter,178,0,0,14,11,18,31,19,27,24,18,16,0,0,0,0
400047,L.E.A.R.N. - Charles and Dorothy Campbell Campus,Charter,402,0,0,63,67,75,83,74,40,0,0,0,0,0,0,0
400048,L.E.A.R.N. - Excel Campus,Charter,452,0,0,84,55,88,81,75,67,2,0,0,0,0,0,0
400111,L.E.A.R.N. - Hunter Perkins Campus,Charter,503,0,0,54,54,50,49,56,76,72,53,39,0,0,0,0
400165,L.E.A.R.N. - Middle School Campus,Charter,306,0,0,0,0,0,0,0,0,144,100,62,0,0,0,0
400046,L.E.A.R.N. - Romano Butler Campus,Charter,582,0,0,49,74,76,79,66,76,56,37,69,0,0,0,0
400107,L.E.A.R.N. - South Chicago Campus,Charter,454,0,0,63,51,53,67,65,57,43,28,27,0,0,0,0
400151,L.E.A.R.N. Charter School - 7th Campus,Charter,317,0,0,37,39,65,59,70,47,0,0,0,0,0,0,0
400049,Legacy Charter School,Charter,468,0,0,52,52,52,52,52,52,52,52,52,0,0,0,0
400119,Legal Prep Charter Academy,Charter,314,0,0,0,0,0,0,0,0,0,0,0,90,104,69,51
400178,Moving Everest Charter School,Charter,364,0,0,94,86,95,89,0,0,0,0,0,0,0,0,0
400050,Namaste Charter School,Charter,489,0,0,57,58,55,58,59,57,50,47,48,0,0,0,0
400157,Noble - Baker College Prep,Charter,363,0,0,0,0,0,0,0,0,0,0,0,113,66,104,80
400156,Noble - Butler College Prep,Charter,647,0,0,0,0,0,0,0,0,0,0,0,217,178,139,113
400097,Noble - Chicago Bulls College Prep,Charter,1137,0,0,0,0,0,0,0,0,0,0,0,361,279,254,243
400118,Noble - DRW College Prep,Charter,514,0,0,0,0,0,0,0,0,0,0,0,182,124,140,68
400052,Noble - Gary Comer College Prep,Charter,1099,0,0,0,0,0,0,0,0,89,112,116,252,212,170,148
400053,Noble - Golder College Prep,Charter,664,0,0,0,0,0,0,0,0,0,0,0,210,165,152,137
400117,Noble - Hansberry College Prep,Charter,642,0,0,0,0,0,0,0,0,0,0,0,222,149,134,137
400169,Noble - ITW David Speer Academy,Charter,1019,0,0,0,0,0,0,0,0,0,0,0,295,167,350,207
400106,Noble - John and Eunice Johnson College Prep,Charter,802,0,0,0,0,0,0,0,0,0,0,0,253,195,202,152
400098,Noble - Muchin College Prep,Charter,959,0,0,0,0,0,0,0,0,0,0,0,283,258,206,212
400051,Noble - Noble College Prep,Charter,651,0,0,0,0,0,0,0,0,0,0,0,189,178,151,133
400054,Noble - Pritzker College Prep,Charter,986,0,0,0,0,0,0,0,0,0,0,0,288,281,210,207
400055,Noble - Rauner College Prep,Charter,632,0,0,0,0,0,0,0,0,0,0,0,197,148,164,123
400056,Noble - Rowe-Clark Math and Science Academy,Charter,468,0,0,0,0,0,0,0,0,0,0,0,160,103,85,120
400170,Noble - The Noble Academy,Charter,499,0,0,0,0,0,0,0,0,0,0,0,183,106,91,119
400057,Noble - UIC College Prep,Charter,935,0,0,0,0,0,0,0,0,0,0,0,268,238,214,215
400179,Noble Mansueto High School,Charter,526,0,0,0,0,0,0,0,0,0,0,0,370,156,0,0
400058,North Lawndale College Prep - Christiana,Charter,358,0,0,0,0,0,0,0,0,0,0,0,86,97,96,79
400059,North Lawndale College Prep - Collins,Charter,355,0,0,0,0,0,0,0,0,0,0,0,96,89,93,77
400062,Perspectives - High School of Technology,Charter,334,0,0,0,0,0,0,0,0,0,0,0,93,78,87,76
400061,Perspectives - Leadership Academy,Charter,437,0,0,0,0,0,0,0,0,30,51,54,59,57,95,91
400066,Perspectives - Math and Science Academy,Charter,461,0,0,0,0,0,0,0,0,0,25,33,117,104,116,66
400064,Perspectives - Rodney D. Joslin,Charter,389,0,0,0,0,0,0,0,0,29,40,60,89,54,57,60
400069,Polaris Charter Academy,Charter,444,0,0,41,44,54,50,56,46,47,51,55,0,0,0,0
400071,Providence Englewood Charter School,Charter,511,0,0,75,60,74,70,67,42,49,41,33,0,0,0,0
400096,Rowe Elementary Charter School,Charter,1009,0,0,86,114,117,120,120,120,115,115,102,0,0,0,0
400116,The Montessori School of Englewood Charter,Charter,309,31,28,36,29,38,36,32,36,27,15,1,0,0,0,0
400078,University of Chicago - Carter G. Woodson,Charter,214,0,0,0,0,0,0,0,0,0,92,122,0,0,0,0
400075,University of Chicago - Donoghue,Charter,539,0,39,88,85,79,86,83,79,0,0,0,0,0,0,0
400076,University of Chicago - North Kenwood/Oakland,Charter,356,0,20,51,55,59,57,57,57,0,0,0,0,0,0,0
400077,University of Chicago - Woodlawn,Charter,645,0,0,0,0,0,0,0,0,103,70,60,123,109,97,83
400105,Urban Prep Academy for Young Men - Bronzeville,Charter,315,0,0,0,0,0,0,0,0,0,0,0,94,69,62,90
400086,Urban Prep Academy for Young Men - Englewood,Charter,263,0,0,0,0,0,0,0,0,0,0,0,67,56,60,80
400102,Urban Prep Charter Academy for Young Men - West,Charter,213,0,0,0,0,0,0,0,0,0,0,0,45,62,58,48
400087,Young Women's Leadership Charter School,Charter,193,0,0,0,0,0,0,0,0,0,0,0,46,49,63,35
400022,Chicago High School for the Arts (ChiArts),Contract,619,0,0,0,0,0,0,0,0,0,0,0,160,154,143,162
400091,Chicago Technology Academy High School,Contract,242,0,0,0,0,0,0,0,0,0,0,0,72,58,49,63
400043,Hope Institute Learning Academy,Contract,363,0,0,57,67,54,56,68,61,0,0,0,0,0,0,0
400068,Plato Learning Academy,Contract,389,0,0,39,46,43,50,47,49,44,39,32,0,0,0,0
610581,Bridgescape Academy Brainerd,Options,173,0,0,0,0,0,0,0,0,0,0,0,22,47,72,32
610580,Bridgescape Academy Humboldt Park,Options,163,0,0,0,0,0,0,0,0,0,0,0,22,34,56,51
610567,Bridgescape Academy Roseland,Options,168,0,0,0,0,0,0,0,0,0,0,0,26,44,54,44
610566,Bridgscape Academy Lawndale,Options,167,0,0,0,0,0,0,0,0,0,0,0,10,45,79,33
400147,Camelot - Chicago Excel Academy,Options,300,0,0,0,0,0,0,0,0,0,0,0,45,91,69,95
610565,Camelot Excel - Englewood HS,Options,252,0,0,0,0,0,0,0,0,0,0,0,48,63,80,61
400175,Camelot Excel - Southshore HS,Options,150,0,0,0,0,0,0,0,0,0,0,0,32,39,55,24
400176,Camelot Excel - Southwest HS,Options,131,0,0,0,0,0,0,0,0,0,0,0,12,26,52,41
610572,Camelot Safe Elementary,Options,5,0,0,0,0,0,0,0,0,1,2,2,0,0,0,0
610573,Camelot Safe HS,Options,6,0,0,0,0,0,0,0,0,0,0,0,2,2,1,1
400164,Instituto - Justice Lozano Mastery,Options,85,0,0,0,0,0,0,0,0,0,0,0,10,29,19,27
400137,Little Black Pearl Art and Design Academy,Options,118,0,0,0,0,0,0,0,0,0,0,0,23,22,42,31
610569,Ombudsman Chicago- Northwest,Options,235,0,0,0,0,0,0,0,0,0,0,0,10,63,79,83
610570,Ombudsman Chicago- South,Options,495,0,0,0,0,0,0,0,0,0,0,0,28,152,127,188
610571,Ombudsman Chicago- West,Options,367,0,0,0,0,0,0,0,0,0,0,0,49,109,107,102
610557,Pathways in Education- Ashburn,Options,278,0,0,0,0,0,0,0,0,0,0,0,37,65,89,87
610568,Pathways in Education- Avondale,Options,285,0,0,0,0,0,0,0,0,0,0,0,52,72,81,80
400173,Pathways in Education- Brighton Park,Options,343,0,0,0,0,0,0,0,0,0,0,0,56,87,101,99
400123,YCCS- Academy of Scholastic Achievement HS,Options,148,0,0,0,0,0,0,0,0,0,0,0,0,74,39,35
400133,YCCS- Innovations HS of Arts Integration,Options,414,0,0,0,0,0,0,0,0,0,0,0,0,181,177,56
400124,YCCS- McKinley Lakeside Leadership HS,Options,155,0,0,0,0,0,0,0,0,0,0,0,0,83,51,21
400125,"YCCS-ASPIRA,Antonia Pantoja Alternative HS",Options,183,0,0,0,0,0,0,0,0,0,0,0,0,80,55,48
400126,YCCS-Association House HS,Options,142,0,0,0,0,0,0,0,0,0,0,0,0,101,35,6
400127,YCCS-Austin Career Education Center HS,Options,146,0,0,0,0,0,0,0,0,0,0,0,0,18,47,81
400128,YCCS-CCA Academy HS,Options,165,0,0,0,0,0,0,0,0,0,0,0,0,106,41,18
400150,YCCS-Chatham AcademyHS,Options,162,0,0,0,0,0,0,0,0,0,0,0,1,133,25,3
400130,YCCS-Community Youth Development Institute HS,Options,156,0,0,0,0,0,0,0,0,0,0,0,0,91,25,40
400131,YCCS-Dr. Pedro Albizu Campos Puerto Rican HS,Options,197,0,0,0,0,0,0,0,0,0,0,0,0,71,79,47
400134,YCCS-Jane Addams Alternative HS,Options,210,0,0,0,0,0,0,0,0,0,0,0,0,120,56,34
400135,YCCS-Latino Youth Alternative HS,Options,226,0,0,0,0,0,0,0,0,0,0,0,0,120,70,36
400136,YCCS-Olive Harvey Middle College HS,Options,103,0,0,0,0,0,0,0,0,0,0,0,0,68,29,6
400129,YCCS-Progressive Leadership Academy,Options,155,0,0,0,0,0,0,0,0,0,0,0,1,82,39,33
400139,YCCS-Sullivan House Alternative HS,Options,330,0,0,0,0,0,0,0,0,0,0,0,0,283,20,27
400141,YCCS-Truman Middle College HS,Options,217,0,0,0,0,0,0,0,0,0,0,0,0,91,56,70
400143,YCCS-West Town Acad Alternative HS,Options,130,0,0,0,0,0,0,0,0,0,0,0,0,86,34,10
400144,YCCS-Westside Holistic Leadership Acad HS,Options,95,0,0,0,0,0,0,0,0,0,0,0,0,59,32,4
400145,YCCS-Youth Connection Leadership Acad HS,Options,223,0,0,0,0,0,0,0,0,0,0,0,0,130,52,41
