Network,School ID,School,PE,PK,K,01,02,03,04,05,06,07,08,09,10,11,12,Total
AUSL,610339,Amos Alonzo Stagg Elementary School,15,20,46,53,64,92,50,49,57,47,65,0,0,0,0,558
AUSL,610106,Brian Piccolo Elementary Specialty School,20,32,66,56,70,57,46,37,56,45,46,0,0,0,0,531
AUSL,609883,Charles S Deneen Elementary School,20,29,62,73,64,83,57,61,50,61,59,0,0,0,0,619
AUSL,610248,Chicago Academy Elementary School,33,47,56,55,56,60,60,60,62,61,62,0,0,0,0,612
AUSL,610340,Chicago Academy High School,0,0,0,0,0,0,0,0,0,0,0,146,139,125,116,526
AUSL,610499,Collins Academy High School,0,0,0,0,0,0,0,0,0,0,0,146,105,103,65,419
AUSL,609885,Dewey Elementary Academy of Fine Arts,29,51,52,36,36,41,22,24,33,19,22,0,0,0,0,365
AUSL,610254,Dvorak Technology Academy,37,35,36,44,45,63,41,49,50,38,34,0,0,0,0,472
AUSL,610543,Eric Solorio Academy High School,0,0,0,0,0,0,0,0,0,0,0,323,271,258,231,"1,083"
AUSL,609900,George W Curtis Elementary School,11,18,70,72,70,92,59,62,64,59,70,0,0,0,0,647
AUSL,610103,Isabelle C O'Keeffe Elementary School,27,40,73,96,71,79,68,65,56,37,64,0,0,0,0,676
AUSL,610274,James Weldon Johnson Elementary School,27,33,38,35,40,39,40,30,36,32,46,0,0,0,0,396
AUSL,610263,John Foster Dulles Elementary School,25,49,95,88,98,98,47,82,78,46,72,0,0,0,0,778
AUSL,609971,John Harvard Elementary School of Excellence,17,17,43,52,56,60,41,31,60,42,49,0,0,0,0,468
AUSL,610000,Julia Ward Howe Elementary School of Excellence,18,22,55,62,65,73,58,51,60,58,65,0,0,0,0,587
AUSL,610036,Leslie Lewis Elementary School,12,29,60,48,47,49,46,51,59,61,49,0,0,0,0,511
AUSL,610053,Marquette Elementary School,38,69,129,147,132,136,123,152,129,103,116,0,0,0,0,"1,274"
AUSL,609888,Mary Mapes Dodge Elementary Renaissance Academy,5,20,11,12,13,24,16,13,33,21,24,0,0,0,0,192
AUSL,609928,Melville W Fuller Elementary School,7,18,39,33,46,48,41,38,48,36,29,0,0,0,0,383
AUSL,610257,Morton School of Excellence,11,23,36,44,50,54,41,47,31,28,39,0,0,0,0,404
AUSL,609806,Myra Bradwell Communications Arts & Sciences ES,11,22,73,92,95,99,72,63,96,47,66,0,0,0,0,736
AUSL,610231,National Teachers Elementary Academy,9,22,83,83,75,59,57,61,60,61,56,0,0,0,0,626
AUSL,610389,Orr Academy High School,0,0,0,0,0,0,0,0,0,0,0,136,124,97,101,458
AUSL,610021,Pablo Casals Elementary School,14,24,61,46,45,61,49,50,52,40,55,0,0,0,0,497
AUSL,610282,Ronald E McNair Elementary School,6,26,40,36,51,49,34,34,40,33,36,0,0,0,0,385
AUSL,610396,Tarkington School of Excellence ES,13,27,88,116,112,118,89,118,130,97,126,0,0,0,0,"1,034"
AUSL,609991,Theodore Herzl Elementary School,50,93,67,55,55,53,36,47,52,34,47,0,0,0,0,589
AUSL,609851,Thomas Chalmers Specialty Elementary School,22,18,43,42,43,37,23,22,48,28,39,0,0,0,0,365
AUSL,609955,Walter Q Gresham Elementary School,14,20,36,37,42,42,36,33,34,35,30,0,0,0,0,359
AUSL,609727,Wendell Phillips Academy High School,0,0,0,0,0,0,0,0,0,0,0,186,144,157,127,614
AUSL,610172,William T Sherman Elementary School,11,18,39,37,32,51,37,26,36,32,41,0,0,0,0,360
AUSL,609844,William W Carter Elementary School,11,27,42,49,47,58,51,40,53,29,39,0,0,0,0,446
Service Leadership Academies,610513,Air Force Academy High School,0,0,0,0,0,0,0,0,0,0,0,107,79,89,98,373
Service Leadership Academies,609754,Chicago Military Academy High School,0,0,0,0,0,0,0,0,0,0,0,131,87,117,60,395
Service Leadership Academies,609760,George Washington Carver Military Academy HS,0,0,0,0,0,0,0,0,0,0,0,143,130,124,107,504
Service Leadership Academies,610390,Hyman G Rickover Naval Academy High School,0,0,0,0,0,0,0,0,0,0,0,199,116,143,95,553
Service Leadership Academies,609780,Marine Leadership Academy at Ames,0,0,0,0,0,0,0,0,0,175,218,145,98,71,53,760
Service Leadership Academies,610304,Phoenix Military Academy High School,0,0,0,0,0,0,0,0,0,0,0,149,145,114,93,501
Network 1,610212,Albany Park Multicultural Academy,0,0,0,0,0,0,0,0,0,136,133,0,0,0,0,269
Network 1,610209,Alessandro Volta Elementary School,34,45,103,118,90,129,100,95,109,84,97,0,0,0,0,"1,004"
Network 1,609836,Arthur E Canty Elementary School,14,25,83,99,80,82,95,77,99,70,75,0,0,0,0,799
Network 1,609729,Carl Schurz High School,0,0,0,0,0,0,0,0,0,0,0,600,669,534,499,"2,302"
Network 1,609899,Christian Ebinger Elementary School,0,0,94,92,99,72,84,84,72,55,59,0,0,0,0,711
Network 1,610083,Daniel C Beard Elementary School,29,38,17,21,23,21,0,0,0,0,0,0,0,0,0,149
Network 1,610564,Disney II Magnet High School,0,0,0,0,0,0,0,0,0,106,106,149,132,0,0,493
Network 1,610515,Disney II Magnet School,22,36,50,51,51,51,52,51,56,0,0,0,0,0,0,420
Network 1,609901,Edgebrook Elementary School,0,0,53,58,57,57,57,61,63,54,51,0,0,0,0,511
Network 1,610523,Edison Park Elementary School,3,12,62,66,54,68,50,64,56,34,24,0,0,0,0,493
Network 1,609708,Edwin G Foreman High School,0,0,0,0,0,0,0,0,0,0,0,369,332,302,273,"1,276"
Network 1,610137,Ernst Prussing Elementary School,15,25,77,77,88,75,65,63,72,74,69,0,0,0,0,700
Network 1,609874,Everett McKinley Dirksen Elementary School,28,32,108,100,112,93,67,92,76,71,63,0,0,0,0,842
Network 1,610163,Frederick Stock Elementary School,116,132,0,0,0,0,0,0,0,0,0,0,0,0,0,248
Network 1,609737,Friedrich W von Steuben Metropolitan Science HS,0,0,0,0,0,0,0,0,0,0,0,417,412,427,431,"1,687"
Network 1,609857,Grover Cleveland Elementary School,29,46,71,77,76,68,71,54,55,67,45,0,0,0,0,659
Network 1,610182,Hannah G Solomon Elementary School,18,30,29,37,32,28,33,35,44,35,37,0,0,0,0,358
Network 1,609972,Helge A Haugan Elementary School,60,108,159,154,151,148,142,154,78,0,0,0,0,0,0,"1,154"
Network 1,609798,Hiram H Belding Elementary School,30,46,76,71,79,72,60,54,32,46,51,0,0,0,0,617
Network 1,609766,Jacqueline B Vaughn Occupational High School,0,0,0,0,0,0,0,0,0,0,0,23,27,43,108,201
Network 1,609912,James B Farnsworth Elementary School,25,47,57,60,64,57,61,52,61,47,55,0,0,0,0,586
Network 1,609796,Jean Baptiste Beaubien Elementary School,15,25,105,129,140,126,130,137,112,120,107,0,0,0,0,"1,146"
Network 1,610089,John B Murphy Elementary School,30,46,48,73,73,55,55,49,66,34,56,0,0,0,0,585
Network 1,610111,John Palmer Elementary School,26,53,75,87,121,101,89,87,86,85,80,0,0,0,0,890
Network 1,609937,John W Garvy Elementary School,0,0,74,87,91,84,96,98,90,90,74,0,0,0,0,784
Network 1,610159,Jonathan Y Scammon Elementary School,13,27,98,92,101,98,91,119,82,116,114,0,0,0,0,951
Network 1,610127,Mary Gage Peterson Elementary School,16,23,93,95,100,99,89,93,83,106,91,0,0,0,0,888
Network 1,609792,Newton Bateman Elementary School,48,67,97,94,117,110,92,102,110,87,87,0,0,0,0,"1,011"
Network 1,609810,Norman A Bridge Elementary School,45,70,120,142,116,114,103,108,97,85,78,0,0,0,0,"1,078"
Network 1,610354,North River Elementary School,21,39,37,41,31,26,31,38,34,30,33,0,0,0,0,361
Network 1,609749,Northside College Preparatory High School,0,0,0,0,0,0,0,0,0,0,0,252,278,257,263,"1,050"
Network 1,609744,Northside Learning Center High School,0,0,0,0,0,0,0,0,0,0,0,25,64,34,147,270
Network 1,610099,Norwood Park Elementary School,11,29,48,53,53,28,25,49,30,25,30,0,0,0,0,381
Network 1,610201,Ole A Thorp Elementary Scholastic Academy,0,0,87,87,87,87,98,98,97,100,98,0,0,0,0,839
Network 1,610105,Oriole Park Elementary School,34,45,69,80,73,55,74,72,63,66,58,0,0,0,0,689
Network 1,609988,Patrick Henry Elementary School,30,45,77,103,96,86,75,77,70,0,0,0,0,0,0,659
Network 1,610145,Peter A Reinberg Elementary School,31,52,79,87,83,91,75,100,81,86,87,0,0,0,0,852
Network 1,610135,Portage Park Elementary School,35,58,99,107,105,137,109,83,100,107,89,0,0,0,0,"1,029"
Network 1,609995,Rufus M Hitch Elementary School,19,20,55,66,57,60,53,54,67,45,65,0,0,0,0,561
Network 1,610155,Sauganash Elementary School,0,0,70,76,67,59,61,50,71,61,59,0,0,0,0,574
Network 1,609728,Theodore Roosevelt High School,0,0,0,0,0,0,0,0,0,0,0,325,467,289,276,"1,357"
Network 1,609794,Thomas A Edison Regional Gifted Center ES,0,0,28,29,30,32,33,32,32,31,30,0,0,0,0,277
Network 1,610321,Thurgood Marshall Middle School,0,0,0,0,0,0,0,0,0,27,81,0,0,0,0,108
Network 1,610179,Washington D Smyser Elementary School,13,27,99,112,113,110,95,134,119,93,104,0,0,0,0,"1,019"
Network 1,610230,Wildwood Elementary School,0,0,33,36,45,43,61,49,58,55,48,0,0,0,0,428
Network 1,609884,William E Dever Elementary School,10,30,81,96,77,97,80,116,77,89,93,0,0,0,0,846
Network 1,609994,William G Hibbard Elementary School,37,78,141,148,145,153,165,144,155,0,0,0,0,0,0,"1,166"
Network 1,609734,William Howard Taft High School,0,0,0,0,0,0,0,0,0,130,115,842,762,672,712,"3,233"
Network 1,610104,William J Onahan Elementary School,18,27,74,73,70,66,62,68,66,60,68,0,0,0,0,652
Network 1,609949,William P Gray Elementary School,24,56,129,140,148,123,147,122,134,132,107,0,0,0,0,"1,262"
Network 2,609804,Daniel Boone Elementary School,18,48,87,80,90,83,88,80,83,77,84,0,0,0,0,818
Network 2,609859,DeWitt Clinton Elementary School,21,58,116,134,138,112,116,91,134,93,121,0,0,0,0,"1,134"
Network 2,609852,Eliza Chappell Elementary School,30,56,52,54,65,59,47,55,55,39,42,0,0,0,0,554
Network 2,609918,Eugene Field Elementary School,0,0,0,0,0,0,78,83,83,62,46,0,0,0,0,352
Network 2,609779,George Armstrong International Studies ES,49,69,156,146,149,163,161,143,160,135,130,0,0,0,0,"1,461"
Network 2,610196,George B Swift Elementary Specialty School,32,40,85,66,76,85,72,68,78,66,50,0,0,0,0,718
Network 2,610122,Helen Peirce International Studies ES,53,67,116,93,128,130,104,80,112,83,67,0,0,0,0,"1,033"
Network 2,610070,James B McPherson Elementary School,38,50,78,73,90,69,79,85,86,76,58,0,0,0,0,782
Network 2,609866,John C Coonley Elementary School,6,25,112,110,107,97,90,97,93,68,29,0,0,0,0,834
Network 2,610269,John T McCutcheon Elementary School,25,45,42,45,42,43,53,36,58,38,43,0,0,0,0,470
Network 2,609865,Jordan Elementary Community School,20,37,53,59,73,62,75,67,48,54,53,0,0,0,0,601
Network 2,610242,Joseph Brennemann Elementary School,15,15,60,59,60,52,41,48,41,46,62,0,0,0,0,499
Network 2,610022,Joyce Kilmer Elementary School,40,44,86,86,83,98,74,78,71,58,66,0,0,0,0,784
Network 2,609719,Lake View High School,0,0,0,0,0,0,0,0,0,0,0,385,336,308,318,"1,347"
Network 2,609817,Lyman A Budlong Elementary School,74,84,106,90,81,77,61,82,66,72,73,0,0,0,0,866
Network 2,610355,Mary E Courtenay Elementary Language Arts Center,36,55,67,71,66,67,51,43,36,48,36,0,0,0,0,576
Network 2,610011,Minnie Mars Jamieson Elementary School,10,33,103,109,106,89,105,108,94,72,84,0,0,0,0,913
Network 2,610284,New Field Elementary School,70,82,121,127,102,105,0,0,0,0,0,0,0,0,0,607
Network 2,609730,Nicholas Senn High School,0,0,0,0,0,0,0,0,0,0,0,366,389,293,233,"1,281"
Network 2,610147,Philip Rogers Elementary School,34,41,71,84,85,73,90,70,76,69,68,0,0,0,0,761
Network 2,610141,Ravenswood Elementary School,16,45,71,72,52,56,50,60,38,40,27,0,0,0,0,527
Network 2,609695,Roald Amundsen High School,0,0,0,0,0,0,0,0,0,0,0,308,301,277,246,"1,132"
Network 2,609733,Roger C Sullivan High School,0,0,0,0,0,0,0,0,0,0,0,137,146,150,141,574
Network 2,609880,Stephen Decatur Classical Elementary School,0,0,30,57,57,28,30,59,28,0,0,0,0,0,0,289
Network 2,609933,Stephen F Gale Elementary Community Academy,21,28,36,46,39,55,43,32,41,28,31,0,0,0,0,400
Network 2,609976,Stephen K Hayt Elementary School,45,73,105,120,92,102,109,81,103,75,101,0,0,0,0,"1,006"
Network 2,609724,Stephen T Mather High School,0,0,0,0,0,0,0,0,0,0,0,465,397,399,318,"1,579"
Network 2,610191,Stone Elementary Scholastic Academy,0,0,63,63,64,64,65,93,66,94,57,0,0,0,0,629
Network 2,610220,Thomas J Waters Elementary School,0,0,66,83,80,74,73,55,79,56,59,0,0,0,0,625
Network 2,610394,Uplift Community High School,0,0,0,0,0,0,0,0,0,0,0,77,86,78,85,326
Network 2,610363,Walt Disney Magnet Elementary School,35,43,189,205,224,209,173,160,151,136,138,0,0,0,0,"1,663"
Network 2,610542,West Ridge Elementary School,13,22,95,84,92,74,89,70,67,62,70,0,0,0,0,738
Network 2,609945,William C. Goudy Technology Academy,33,29,63,70,74,81,93,73,84,78,86,0,0,0,0,764
Network 3,400018,Austin Business and Entrepreneurship Academy HS,0,0,0,0,0,0,0,0,0,0,0,41,30,34,45,150
Network 3,610501,Austin Polytechnical Academy High School,0,0,0,0,0,0,0,0,0,0,0,38,44,47,36,165
Network 3,609922,Belmont-Cragin Elementary School,129,194,25,31,30,29,33,36,31,32,30,0,0,0,0,600
Network 3,609679,Charles Allen Prosser Career Academy High School,0,0,0,0,0,0,0,0,0,0,0,369,391,419,297,"1,476"
Network 3,609732,Charles P Steinmetz College Preparatory HS,0,0,0,0,0,0,0,0,0,0,0,402,533,405,369,"1,709"
Network 3,610533,Dr Jorge Prieto Math and Science,6,31,83,109,120,126,108,118,118,111,109,0,0,0,0,"1,039"
Network 3,609904,Edward K Ellington Elementary School,34,56,66,72,80,83,63,72,67,50,53,0,0,0,0,696
Network 3,610235,Ella Flagg Young Elementary School,17,33,104,117,115,107,82,100,128,111,110,0,0,0,0,"1,024"
Network 3,610165,Franz Peter Schubert Elementary School,38,116,134,131,153,145,113,109,0,0,0,0,0,0,0,939
Network 3,610245,Frederick A Douglass Academy High School,0,0,0,0,0,0,0,0,0,0,0,50,64,71,58,243
Network 3,610305,George Leland Elementary School,26,30,65,79,71,72,61,56,76,35,59,0,0,0,0,630
Network 3,609795,George Rogers Clark Elementary School,13,24,22,32,21,29,27,33,32,29,28,0,0,0,0,290
Network 3,610068,Hanson Park Elementary School,63,125,148,185,164,181,145,135,154,126,144,0,0,0,0,"1,570"
Network 3,610158,Harriet E Sayre Elementary Language Academy,14,23,49,44,65,61,59,55,54,49,57,0,0,0,0,530
Network 3,610040,Henry D Lloyd Elementary School,54,111,174,179,199,178,177,171,0,0,0,0,0,0,0,"1,243"
Network 3,610092,Henry H Nash Elementary School,17,18,34,38,47,44,37,25,37,28,35,0,0,0,0,360
Network 3,609975,John Hay Elementary Community Academy,22,43,62,53,60,58,47,41,54,37,64,0,0,0,0,541
Network 3,610043,Joseph Lovett Elementary School,15,26,48,52,42,48,43,29,49,48,52,0,0,0,0,452
Network 3,610041,Josephine C Locke Elementary School,58,90,146,144,144,139,133,131,125,133,127,0,0,0,0,"1,370"
Network 3,609910,Laughlin Falconer Elementary School,44,68,171,174,194,207,186,164,194,0,0,0,0,0,0,"1,402"
Network 3,609818,Luther Burbank Elementary School,29,50,96,106,110,92,101,106,111,102,92,0,0,0,0,995
Network 3,610539,Marvin Camras Elementary School,55,82,104,109,111,123,91,88,94,87,88,0,0,0,0,"1,032"
Network 3,610046,Mary Lyon Elementary School,0,0,137,162,153,181,167,163,163,141,150,0,0,0,0,"1,417"
Network 3,610244,Michele Clark Academic Prep Magnet High School,0,0,0,0,0,0,0,0,0,0,1,163,128,104,115,511
Network 3,609830,Milton Brunson Math & Science Specialty ES,25,37,53,68,72,81,55,50,57,62,60,0,0,0,0,620
Network 3,610051,Northwest Middle School,0,0,0,0,0,0,0,0,160,217,190,0,0,0,0,567
Network 3,610367,Oscar DePriest Elementary School,32,44,65,86,74,83,53,83,82,61,76,0,0,0,0,739
Network 3,610183,Spencer Technology Academy,36,55,87,82,81,98,73,59,94,66,69,0,0,0,0,800
Network 3,610518,VOISE Academy High School,0,0,0,0,0,0,0,0,0,0,0,46,68,76,64,254
Network 4,610038,Abraham Lincoln Elementary School,0,0,80,96,91,97,98,87,103,77,95,0,0,0,0,824
Network 4,609720,Albert G Lane Technical High School,0,0,0,0,0,0,0,0,0,120,106,"1,005",920,783,"1,137","4,071"
Network 4,610524,Alcott High School for the Humanities,0,0,0,0,0,0,0,0,0,0,0,83,78,63,50,274
Network 4,609799,Alexander Graham Bell Elementary School,2,1,85,149,126,116,115,99,113,105,117,0,0,0,0,"1,028"
Network 4,609963,Alexander Hamilton Elementary School,13,22,62,37,62,59,64,28,40,22,10,0,0,0,0,419
Network 4,609820,Augustus H Burley Elementary School,9,11,56,57,55,58,56,57,57,51,51,0,0,0,0,518
Network 4,610039,Carl von Linne Elementary School,28,32,75,68,82,64,59,69,53,62,62,0,0,0,0,654
Network 4,609875,Charles R Darwin Elementary School,27,33,54,61,40,63,49,65,66,53,57,0,0,0,0,568
Network 4,610402,DeVry University Advantage Academy HS,0,0,0,0,0,0,0,0,0,0,0,0,0,100,96,196
Network 4,610541,Federico Garcia Lorca Elementary School,21,53,90,105,101,103,83,92,84,80,91,0,0,0,0,903
Network 4,610144,Frank W Reilly Elementary School,45,70,106,113,125,104,109,97,113,105,100,0,0,0,0,"1,087"
Network 4,609926,Franklin Elementary Fine Arts Center,0,0,30,30,27,29,32,31,64,61,63,0,0,0,0,367
Network 4,609930,Frederick Funston Elementary School,35,48,53,52,62,52,53,47,54,53,41,0,0,0,0,550
Network 4,610010,Friedrich Ludwig Jahn Elementary School,20,33,34,32,41,34,32,25,28,23,36,0,0,0,0,338
Network 4,609974,Hawthorne Elementary Scholastic Academy,0,0,64,64,64,64,64,64,62,63,65,0,0,0,0,574
Network 4,609850,Horace Greeley Elementary School,19,29,72,83,66,65,80,73,69,67,60,0,0,0,0,683
Network 4,610078,Inter-American Elementary Magnet School,0,74,70,63,73,72,69,60,60,59,54,0,0,0,0,654
Network 4,609803,James G Blaine Elementary School,58,68,119,91,94,81,92,83,62,86,64,0,0,0,0,898
Network 4,610074,James Monroe Elementary School,28,72,100,97,95,93,95,115,91,99,97,0,0,0,0,982
Network 4,609942,Johann W von Goethe Elementary School,30,77,79,85,99,67,92,77,60,60,76,0,0,0,0,802
Network 4,609789,John Barry Elementary School,45,71,107,116,91,102,121,90,96,0,0,0,0,0,0,839
Network 4,609782,John J Audubon Elementary School,30,49,67,54,75,61,53,52,51,42,52,0,0,0,0,586
Network 4,609716,Kelvyn Park High School,0,0,0,0,0,0,0,0,0,66,63,186,181,171,220,887
Network 4,610033,LaSalle Elementary Language Academy,0,0,60,64,64,64,64,60,61,61,55,0,0,0,0,553
Network 4,609738,Lincoln Park High School,0,0,0,0,0,0,0,0,0,0,0,677,583,466,541,"2,267"
Network 4,610325,Logandale Middle School,30,50,89,97,84,97,87,92,74,87,59,0,0,0,0,846
Network 4,609773,Louis A Agassiz Elementary School,12,28,62,52,51,53,60,51,59,52,30,0,0,0,0,510
Network 4,610094,Louis Nettelhorst Elementary School,30,50,109,100,100,85,83,86,81,55,61,0,0,0,0,840
Network 4,609774,Louisa May Alcott Elementary School,25,30,88,63,54,50,52,49,56,46,54,0,0,0,0,567
Network 4,610059,Oscar F Mayer Elementary School,68,68,75,78,62,57,57,75,53,31,40,0,0,0,0,664
Network 4,609853,Salmon P Chase Elementary School,29,46,34,35,50,53,48,45,51,33,45,0,0,0,0,469
Network 4,609968,Sharon Christa McAuliffe Elementary School,20,57,69,63,95,84,80,85,86,55,36,0,0,0,0,730
Network 4,610534,Skinner North,0,0,60,58,60,63,64,64,30,19,0,0,0,0,0,418
Network 4,610095,Walter L Newberry Math & Science Academy ES,4,11,55,53,59,55,63,98,63,52,60,0,0,0,0,573
Network 4,610136,William H Prescott Elementary School,21,16,59,60,54,28,31,19,10,15,15,0,0,0,0,328
Network 4,610097,William P Nixon Elementary School,13,54,132,135,127,150,123,133,119,0,0,0,0,0,0,986
Network 4,610088,Wolfgang A Mozart Elementary School,23,47,69,81,94,86,77,91,92,65,68,0,0,0,0,793
Network 5,610342,Albert R Sabin Elementary Magnet School,0,0,57,67,67,77,70,69,78,55,64,0,0,0,0,604
Network 5,610098,Alfred Nobel Elementary School,31,48,85,79,90,92,90,71,103,79,84,0,0,0,0,852
Network 5,610131,Ambrose Plamondon Elementary School,0,0,17,12,14,23,12,16,10,17,24,0,0,0,0,145
Network 5,610076,Bernhard Moos Elementary School,17,31,46,41,61,53,36,55,51,47,60,0,0,0,0,498
Network 5,610005,Charles Evans Hughes Elementary School,18,23,37,40,33,37,18,25,28,22,27,0,0,0,0,308
Network 5,610194,Charles Sumner  Math & Science Community Acad ES,11,17,25,34,29,27,37,34,29,34,35,0,0,0,0,312
Network 5,609863,Christopher Columbus Elementary School,16,18,24,28,27,32,29,30,26,26,29,0,0,0,0,285
Network 5,609835,Daniel R Cameron Elementary School,25,38,78,99,78,107,93,83,92,85,77,0,0,0,0,855
Network 5,610221,Daniel Webster Elementary School,24,37,32,29,28,27,27,34,25,26,25,0,0,0,0,314
Network 5,610073,Ellen Mitchell Elementary School,20,20,34,47,46,54,29,28,33,30,26,0,0,0,0,367
Network 5,610503,Frazier Prospective IB Magnet ES,0,0,39,47,29,29,29,27,29,29,34,0,0,0,0,292
Network 5,609854,Frederic Chopin Elementary School,18,36,51,62,51,70,48,54,54,55,45,0,0,0,0,544
Network 5,610293,Genevieve Melody Elementary School,38,59,61,64,69,65,35,55,56,52,54,0,0,0,0,608
Network 5,610202,George W Tilton Elementary School,18,31,37,34,49,49,41,30,27,27,34,0,0,0,0,377
Network 5,609693,George Westinghouse College Prep,0,0,0,0,0,0,0,0,0,0,0,296,275,289,263,"1,123"
Network 5,610192,Harriet Beecher Stowe Elementary School,29,46,74,81,72,89,68,82,83,80,69,0,0,0,0,773
Network 5,609985,Helen M Hefferan Elementary School,26,43,54,55,41,30,34,40,46,31,36,0,0,0,0,436
Network 5,610044,James Russell Lowell Elementary School,45,68,53,71,67,55,60,53,64,45,51,0,0,0,0,632
Network 5,610271,Jensen Elementary Scholastic Academy,21,34,42,57,44,55,37,46,42,45,54,0,0,0,0,477
Network 5,609954,John Milton Gregory Elementary School,13,26,42,33,33,50,42,52,39,39,47,0,0,0,0,416
Network 5,610313,Jose De Diego Elementary Community Academy,35,50,74,73,69,78,68,84,84,77,78,0,0,0,0,770
Network 5,609925,Joseph Kellman Corporate Community ES,12,21,36,52,36,52,37,41,49,27,53,0,0,0,0,416
Network 5,610133,Laura S Ward Elementary School,20,42,58,62,63,75,61,66,72,58,77,0,0,0,0,654
Network 5,609722,Manley Career Academy High School,0,0,0,0,0,0,0,0,0,0,0,87,98,87,84,356
Network 5,610055,Michael Faraday Elementary School,10,20,25,36,38,43,41,38,47,33,39,0,0,0,0,370
Network 5,609691,North-Grand High School,0,0,0,0,0,0,0,0,0,0,0,225,226,274,198,923
Network 5,610234,Richard Yates Elementary School,26,51,63,59,67,57,53,55,62,50,58,0,0,0,0,601
Network 5,610056,Roswell B Mason Elementary School,22,32,44,53,43,34,36,42,41,37,38,0,0,0,0,422
Network 5,610100,West Park Elementary Academy,10,29,65,82,69,69,66,67,65,51,57,0,0,0,0,630
Network 5,610251,Willa Cather Elementary School,17,31,30,40,38,38,36,31,34,47,38,0,0,0,0,380
Network 5,610123,William Penn Elementary School,21,19,39,30,50,37,35,52,33,29,35,0,0,0,0,380
Network 6,610229,A.N. Pritzker School,15,18,65,82,81,79,73,89,86,73,64,0,0,0,0,725
Network 6,609947,Alexander Graham Elementary School,29,33,46,36,53,54,52,39,56,37,51,0,0,0,0,486
Network 6,610060,Andrew Jackson Elementary Language Academy,0,0,60,60,63,64,64,64,64,63,64,0,0,0,0,566
Network 6,609996,Charles N Holden Elementary School,9,30,56,57,48,67,57,62,52,50,57,0,0,0,0,545
Network 6,610012,Edward Jenner Elementary Academy of the Arts,12,13,24,21,25,30,25,28,20,20,27,0,0,0,0,245
Network 6,610009,Galileo Math & Science Scholastic Academy ES,0,0,67,69,68,68,65,60,58,53,52,0,0,0,0,560
Network 6,610062,George B McClellan Elementary School,16,30,34,35,35,25,35,25,26,27,18,0,0,0,0,306
Network 6,610107,James Otis Elementary School,22,35,47,52,62,64,63,58,62,60,71,0,0,0,0,596
Network 6,610217,James Ward Elementary School,15,17,59,60,63,62,56,60,44,44,40,0,0,0,0,520
Network 6,609959,John Charles Haines Elementary School,12,19,66,54,71,74,78,74,54,64,85,0,0,0,0,651
Network 6,609828,Jonathan Burr Elementary School,30,47,56,55,41,40,22,26,30,25,26,0,0,0,0,398
Network 6,610520,LaSalle II Magnet Elementary School,39,42,57,58,58,58,60,61,62,58,52,0,0,0,0,605
Network 6,610197,Mancel Talcott Elementary School,26,34,56,53,57,52,57,53,58,45,49,0,0,0,0,540
Network 6,610081,Mark Sheridan Elementary Math & Science Academy,0,0,60,64,62,64,62,64,63,59,59,0,0,0,0,557
Network 6,610177,Mark Skinner Elementary School,25,24,119,151,128,130,103,89,91,57,49,0,0,0,0,966
Network 6,610075,Moses Montefiore Special Elementary School,0,0,0,0,0,0,1,5,8,4,8,0,0,0,0,26
Network 6,610529,Ogden International High School,0,0,0,0,0,0,0,0,105,110,103,109,101,101,123,752
Network 6,609777,Phillip D Armour Elementary School,14,14,32,38,33,34,29,29,34,26,26,0,0,0,0,309
Network 6,610138,Pulaski International School of Chicago,47,59,79,97,92,85,91,84,95,94,89,0,0,0,0,912
Network 6,609769,Ray Graham Training Center High School,0,0,0,0,0,0,0,0,0,0,0,8,19,14,92,133
Network 6,610561,Richard T Crane Medical Preparatory HS,0,0,0,0,0,0,0,0,0,0,0,191,147,0,0,338
Network 6,609702,Richard T Crane Technical Preparatory HS,0,0,0,0,0,0,0,0,0,0,0,0,0,0,57,57
Network 6,609979,Robert Healy Elementary School,27,53,161,181,147,144,137,148,116,137,145,0,0,0,0,"1,396"
Network 6,610252,Robert Nathaniel Dett Elementary School,19,33,45,48,32,55,29,41,39,37,54,0,0,0,0,432
Network 6,610029,Rodolfo Lozano Bilingual & International Ctr ES,6,15,30,19,23,24,26,33,34,22,30,0,0,0,0,262
Network 6,610250,Rueben Salazar Elementary Bilingual Center,14,16,38,37,41,43,33,40,44,34,34,0,0,0,0,374
Network 6,610548,STEM Magnet Academy,0,0,57,56,56,57,57,55,54,0,0,0,0,0,0,392
Network 6,609990,South Loop Elementary School,28,24,111,91,87,114,99,96,98,79,81,0,0,0,0,908
Network 6,610405,Suder Montessori Magnet ES,40,38,37,39,37,34,41,41,56,28,28,0,0,0,0,419
Network 6,609896,Thomas Drummond Elementary School,37,36,36,36,33,36,31,31,31,26,19,0,0,0,0,352
Network 6,609680,Walter Payton College Preparatory High School,0,0,0,0,0,0,0,0,0,0,0,229,235,201,236,901
Network 6,610121,Washington Irving Elementary School,14,19,50,44,51,45,52,42,53,42,48,0,0,0,0,460
Network 6,609740,Wells Community Academy High School,0,0,0,0,0,0,0,0,0,0,0,150,165,132,99,546
Network 6,609755,Whitney M Young Magnet High School,0,0,0,0,0,0,0,0,0,126,122,450,474,533,504,"2,209"
Network 6,610101,William B Ogden Elementary School,7,14,173,170,158,127,121,90,0,0,0,0,0,0,0,860
Network 6,609678,William Jones College Preparatory High School,0,0,0,0,0,0,0,0,0,0,0,484,453,271,224,"1,432"
Network 6,610308,Wilma Rudolph Elementary Learning Center,14,19,10,22,20,7,9,9,0,0,0,0,0,0,0,110
Network 7,610063,Cyrus H McCormick Elementary School,42,59,107,117,125,139,118,118,0,0,0,0,0,0,0,825
Network 7,609870,Daniel J Corkery Elementary School,23,35,67,64,61,60,56,60,55,48,68,0,0,0,0,597
Network 7,609704,David G Farragut Career Academy High School,10,28,0,0,0,0,0,0,0,0,0,243,244,235,227,987
Network 7,610227,Eli Whitney Elementary School,15,78,97,122,127,120,105,128,103,98,111,0,0,0,0,"1,104"
Network 7,609973,Emiliano Zapata Elementary Academy,21,59,90,103,86,88,104,92,94,88,78,0,0,0,0,903
Network 7,610215,Francisco I Madero Middle School,0,0,0,0,0,0,0,0,116,101,106,0,0,0,0,323
Network 7,609920,Gerald Delgado Kanoon Elementary Magnet School,5,24,83,79,67,70,75,86,76,81,70,0,0,0,0,716
Network 7,610383,Greater Lawndale High School For Social Justice,0,0,0,0,0,0,0,0,0,0,0,64,94,76,92,326
Network 7,610384,Infinity Math Science and Technology High School,0,0,0,0,0,0,0,0,0,0,0,116,91,111,100,418
Network 7,610125,Irma C Ruiz Elementary School,17,37,75,92,85,99,83,75,88,85,103,0,0,0,0,839
Network 7,610216,John A Walsh Elementary School,16,27,38,39,45,52,42,47,42,57,45,0,0,0,0,450
Network 7,610228,John Greenleaf Whittier Elementary School,5,18,27,29,41,37,37,30,31,30,39,0,0,0,0,324
Network 7,610184,John Spry Elementary Community School,29,25,66,68,72,74,69,68,71,68,70,0,0,0,0,680
Network 7,609950,Josefa Ortiz De Dominguez Elementary School,48,83,199,199,217,0,0,0,0,0,0,0,0,0,0,746
Network 7,609938,Joseph E Gary Elementary School,32,56,0,0,0,163,201,172,195,176,174,0,0,0,0,"1,169"
Network 7,610015,Joseph Jungman Elementary School,12,17,29,16,50,29,32,24,29,21,26,0,0,0,0,285
Network 7,610129,Josiah Pickard Elementary School,24,24,55,55,65,60,73,54,71,57,46,0,0,0,0,584
Network 7,610024,Lazaro Cardenas Elementary School,35,52,161,155,158,148,0,0,0,0,0,0,0,0,0,709
Network 7,609834,Little Village Elementary School,23,43,91,94,100,94,96,94,99,72,86,0,0,0,0,892
Network 7,609872,Manuel Perez Elementary School,16,25,34,28,28,29,44,32,32,40,30,0,0,0,0,338
Network 7,610017,Maria Saucedo Elementary Scholastic Academy,34,61,108,116,135,133,125,136,136,115,123,0,0,0,0,"1,222"
Network 7,610385,Multicultural Academy of Scholarship,0,0,0,0,0,0,0,0,0,0,0,58,83,75,60,276
Network 7,610329,Orozco Fine Arts & Sciences Elementary School,19,19,26,28,29,31,32,32,131,119,132,0,0,0,0,598
Network 7,609867,Peter Cooper Elementary Dual Language Academy,20,41,69,84,98,96,88,93,0,0,0,0,0,0,0,589
Network 7,610013,Pilsen Elementary Community Academy,27,30,41,44,35,42,38,42,39,40,43,0,0,0,0,421
Network 7,609826,Rosario Castellanos Elementary School,0,0,0,0,0,0,138,115,116,92,115,0,0,0,0,576
Network 7,610357,Spry Community Links High School,0,0,0,0,0,0,0,0,0,0,0,60,60,53,10,183
Network 7,609967,William F Finkl Elementary School,25,40,47,43,45,60,34,39,59,38,40,0,0,0,0,470
Network 7,610392,World Language Academy High School,0,0,0,0,0,0,0,0,0,0,0,73,97,100,71,341
Network 8,609993,Agustin Lara Elementary Academy,24,44,46,55,48,46,49,53,60,35,38,0,0,0,0,498
Network 8,610563,Back of the Yards IB HS,0,0,0,0,0,0,0,0,0,0,0,277,273,0,0,550
Network 8,610317,Brighton Park Elementary School,10,23,36,59,45,57,45,74,70,46,61,0,0,0,0,526
Network 8,610353,Calmeca Academy of Fine Arts and Dual Language,24,53,70,83,86,79,85,84,86,81,76,0,0,0,0,807
Network 8,610148,Cesar E Chavez Multicultural Academic Center ES,31,49,115,120,113,98,81,99,101,68,84,0,0,0,0,959
Network 8,610170,Columbia Explorers Elementary Academy,0,0,94,138,129,147,129,119,125,112,105,0,0,0,0,"1,098"
Network 8,609909,Edward Everett Elementary School,20,24,30,34,38,29,33,30,0,0,0,0,0,0,0,238
Network 8,609682,Ellen H Richards Career Academy High School,0,0,0,0,0,0,0,0,0,0,0,74,71,112,97,354
Network 8,610203,Enrico Tonti Elementary School,20,53,168,159,172,179,172,159,0,0,0,0,0,0,0,"1,082"
Network 8,610319,Evergreen Academy Middle School,0,0,0,0,0,0,0,0,101,117,153,0,0,0,0,371
Network 8,610120,Ferdinand Peck Elementary School,77,138,175,146,179,180,153,151,153,145,147,0,0,0,0,"1,644"
Network 8,610096,Florence Nightingale Elementary School,48,109,129,150,123,134,122,126,130,120,119,0,0,0,0,"1,310"
Network 8,609958,Frank W Gunsaulus Elementary Scholastic Academy,41,78,80,76,79,94,88,90,75,78,81,0,0,0,0,860
Network 8,609709,Gage Park High School,0,0,0,0,0,0,0,0,0,0,0,76,126,115,148,465
Network 8,610532,Irene C. Hernandez Middle School for the Advancement of Science,0,0,0,0,0,0,0,0,356,259,328,0,0,0,0,943
Network 8,609983,James Hedges Elementary School,33,54,83,81,95,81,77,82,65,55,75,0,0,0,0,781
Network 8,610174,James Shields Elementary School,46,90,187,216,187,157,174,0,0,0,0,0,0,0,0,"1,057"
Network 8,610559,James Shields Middle School,0,0,0,0,0,0,0,191,176,153,186,0,0,0,0,706
Network 8,609829,John C Burroughs Elementary School,14,45,47,51,42,46,45,51,56,45,48,0,0,0,0,490
Network 8,609964,John H Hamline Elementary School,26,40,64,66,72,70,80,61,59,45,59,0,0,0,0,642
Network 8,609694,John Hancock College Preparatory High School,0,0,0,0,0,0,0,0,0,0,0,209,236,234,241,920
Network 8,610117,Louis Pasteur Elementary School,13,27,145,151,154,140,121,127,138,114,130,0,0,0,0,"1,260"
Network 8,609756,Marie Sklodowska Curie Metropolitan High School,0,0,0,0,0,0,0,0,0,0,0,935,760,738,627,"3,060"
Network 8,609876,Nathan S Davis Elementary School,44,98,99,96,86,94,82,71,82,63,98,0,0,0,0,913
Network 8,609952,Nathanael Greene Elementary School,10,30,87,106,106,97,93,91,0,0,0,0,0,0,0,620
Network 8,609842,Rachel Carson Elementary School,43,103,108,126,118,97,118,124,108,109,111,0,0,0,0,"1,165"
Network 8,609903,Richard Edwards Elementary School,59,114,112,167,139,159,173,142,142,111,134,0,0,0,0,"1,452"
Network 8,610239,Richard J Daley Elementary Academy,8,26,55,66,79,68,74,69,74,53,73,0,0,0,0,645
Network 8,610157,Sidney Sawyer Elementary School,0,0,193,197,208,206,221,190,213,193,187,0,0,0,0,"1,808"
Network 8,610226,Socorro Sandoval Elementary School,8,27,167,177,201,188,173,204,0,0,0,0,0,0,0,"1,145"
Network 8,610249,Talman Elementary School,24,56,38,40,45,40,45,35,42,43,34,0,0,0,0,442
Network 8,610504,Velma F Thomas Early Childhood Center,83,93,0,0,0,0,0,0,0,0,0,0,0,0,0,176
Network 8,609855,Walter S Christopher Elementary School,0,0,13,28,54,50,49,39,45,43,44,0,0,0,0,365
Network 8,610167,William H Seward Communication Arts Academy ES,16,49,75,84,95,88,81,81,86,82,80,0,0,0,0,817
Network 9,609951,Ariel Elementary Community Academy,16,22,52,57,55,59,60,60,59,55,55,0,0,0,0,550
Network 9,610175,Beulah Shoesmith Elementary School,0,0,40,37,57,50,56,53,51,0,0,0,0,0,0,344
Network 9,609969,Bret Harte Elementary School,20,32,27,29,30,45,39,41,46,36,31,0,0,0,0,376
Network 9,610345,Carter G Woodson South Elementary School,12,15,28,38,34,46,40,31,31,42,30,0,0,0,0,347
Network 9,610030,Charles Kozminski Elementary Community Academy,16,21,28,31,38,41,34,46,35,38,34,0,0,0,0,362
Network 9,609781,Crispus Attucks Elementary School,0,0,0,0,12,17,18,18,28,20,19,0,0,0,0,132
Network 9,610380,Daniel Hale Williams Prep School of Medicine,0,0,0,0,0,0,0,0,0,0,0,92,46,73,79,290
Network 9,609751,Dr  Martin Luther King  Jr  College Prep HS,0,0,0,0,0,0,0,0,0,0,0,177,145,204,213,739
Network 9,609736,Dyett High School,0,0,0,0,0,0,0,0,0,0,0,0,0,0,13,13
Network 9,610246,Edward Beasley Elementary Magnet Academic Center,67,98,153,144,136,139,132,143,141,136,126,0,0,0,0,"1,415"
Network 9,610065,Emmett Louis Till Math and Science Academy,16,23,35,51,49,46,32,44,32,28,30,0,0,0,0,386
Network 9,609713,Hyde Park Academy High School,0,0,0,0,0,0,0,0,0,0,0,331,204,201,210,946
Network 9,610110,Ida B Wells Preparatory Elementary Academy,16,22,41,45,48,60,47,43,45,40,51,0,0,0,0,458
Network 9,610276,Irvin C Mollison Elementary School,7,28,41,48,45,53,45,48,54,50,47,0,0,0,0,466
Network 9,609891,James R Doolittle Jr Elementary School,13,27,32,32,34,36,34,26,29,27,17,0,0,0,0,307
Network 9,610213,James Wadsworth Elementary School,26,43,58,53,73,65,45,44,58,45,40,0,0,0,0,550
Network 9,609894,John B Drake Elementary School,19,19,44,39,41,62,41,61,43,55,38,0,0,0,0,462
Network 9,609919,John Fiske Elementary School,26,38,47,57,49,68,48,55,39,43,42,0,0,0,0,512
Network 9,610126,John J Pershing Elementary Humanities Magnet,18,20,61,49,61,57,65,54,47,37,53,0,0,0,0,522
Network 9,609746,Kenwood Academy High School,0,0,0,0,0,0,0,0,0,131,127,349,408,364,378,"1,757"
Network 9,610237,Ludwig Van Beethoven Elementary School,26,37,37,33,45,44,44,30,33,20,27,0,0,0,0,376
Network 9,609676,Paul Laurence Dunbar Career Academy High School,0,0,0,0,0,0,0,0,0,0,0,224,303,270,237,"1,034"
Network 9,610090,Phillip Murray Elementary Language Academy,0,0,63,62,61,60,59,62,59,54,51,0,0,0,0,531
Network 9,609987,Thomas A Hendricks Elementary Community Academy,17,15,28,34,27,38,25,18,24,17,19,0,0,0,0,262
Network 9,610142,William H Ray Elementary School,51,60,74,77,70,69,69,60,74,63,63,0,0,0,0,730
Network 9,609977,Woodlawn Community Elementary School,13,20,24,34,24,29,27,23,21,0,0,0,0,0,0,215
Network 10,610185,Adlai E Stevenson Elementary School,37,59,123,102,136,127,126,145,143,146,131,0,0,0,0,"1,275"
Network 10,610084,Annie Keller Elementary Gifted Magnet School,0,0,0,30,30,33,34,30,30,29,29,0,0,0,0,245
Network 10,610287,Ashburn Community Elementary School,16,24,31,48,46,45,41,60,49,38,58,0,0,0,0,456
Network 10,609871,Barbara Vick Early Childhood & Family Center,134,193,0,0,0,0,0,0,0,0,0,0,0,0,0,327
Network 10,610087,Blair Early Childhood Center,44,64,47,39,1,0,0,0,0,0,0,0,0,0,0,195
Network 10,609839,Carroll-Rosenwald Specialty Elementary School,16,19,47,43,49,60,45,43,59,56,62,0,0,0,0,499
Network 10,609879,Charles Gates Dawes Elementary School,29,44,111,111,113,114,78,113,115,106,125,0,0,0,0,"1,059"
Network 10,609753,Chicago High School for Agricultural Sciences,0,0,0,0,0,0,0,0,0,0,0,202,174,163,151,690
Network 10,610347,Claremont Academy Elementary School,14,19,56,53,51,66,40,53,52,55,44,0,0,0,0,503
Network 10,610077,Donald Morrill Math & Science Elementary School,27,49,86,96,88,105,68,77,89,79,81,0,0,0,0,845
Network 10,610352,Durkin Park Elementary School,27,47,63,56,69,65,57,60,77,55,59,0,0,0,0,635
Network 10,610006,Edward N Hurley Elementary School,19,43,74,93,94,109,82,67,101,73,91,0,0,0,0,846
Network 10,610195,Elizabeth H Sutherland Elementary School,0,0,65,87,74,77,87,75,89,97,78,0,0,0,0,729
Network 10,610057,Fairfield Elementary Academy,14,25,61,72,67,67,53,71,82,44,56,0,0,0,0,612
Network 10,610067,Francis M McKay Elementary School,47,74,100,87,90,114,67,68,79,56,86,0,0,0,0,868
Network 10,609849,George F Cassell Elementary School,0,0,49,42,51,43,51,42,44,34,38,0,0,0,0,394
Network 10,609741,Gurdon S Hubbard High School,0,0,0,0,0,0,0,0,0,0,0,472,403,398,428,"1,701"
Network 10,609861,Henry R Clissold Elementary School,0,0,53,63,59,78,65,59,55,59,55,0,0,0,0,546
Network 10,609893,John C Dore Elementary School,13,27,64,72,82,74,77,71,74,54,65,0,0,0,0,673
Network 10,609898,John F Eberhart Elementary School,4,30,162,162,176,197,175,168,145,161,170,0,0,0,0,"1,550"
Network 10,609718,John F Kennedy High School,0,0,0,0,0,0,0,0,0,0,0,411,399,397,361,"1,568"
Network 10,610026,John H Kinzie Elementary School,20,30,55,71,58,64,73,74,75,72,81,0,0,0,0,673
Network 10,610207,John H Vanderpoel Elementary Magnet School,0,0,31,31,30,29,30,30,29,48,42,0,0,0,0,300
Network 10,610016,Kate S Kellogg Elementary School,0,0,25,27,29,27,30,32,34,25,22,0,0,0,0,251
Network 10,609807,Lionel Hampton Fine & Performing Arts ES,0,0,44,60,54,53,69,75,77,63,68,0,0,0,0,563
Network 10,610544,Mariano Azuela Elementary School,12,17,96,122,103,105,120,98,104,89,104,0,0,0,0,970
Network 10,610206,Mark Twain Elementary School,12,28,126,120,143,132,126,132,122,120,135,0,0,0,0,"1,196"
Network 10,609832,Michael M Byrne Elementary School,0,0,72,61,64,54,84,68,74,72,88,0,0,0,0,637
Network 10,610082,Mount Greenwood Elementary School,0,0,147,128,135,109,117,103,122,101,97,0,0,0,0,"1,059"
Network 10,609960,Nathan Hale Elementary School,19,28,98,99,96,100,92,108,112,97,102,0,0,0,0,951
Network 10,609762,Percy L Julian High School,0,0,0,0,0,0,0,0,0,0,0,143,282,199,247,871
Network 10,609981,Phobe Apperson Hearst Elementary School,21,37,43,26,31,46,24,28,35,11,31,0,0,0,0,333
Network 10,610291,Richard Henry Lee Elementary School,17,25,75,98,96,106,92,93,107,94,82,0,0,0,0,885
Network 10,609956,Robert L Grimes Elementary School,13,27,55,49,58,49,46,42,43,49,46,0,0,0,0,477
Network 10,610558,Sarah E. Goode STEM Academy,0,0,0,0,0,0,0,0,0,0,0,223,218,204,0,645
Network 10,610109,William Bishop Owen Scholastic Academy ES,0,0,27,27,28,28,29,30,32,27,24,0,0,0,0,252
Network 11,609869,Anna R. Langford Community Academy,11,23,35,47,44,47,32,44,39,30,57,0,0,0,0,409
Network 11,610037,Arthur A Libby Elementary School,0,0,48,69,57,67,54,47,70,46,37,0,0,0,0,495
Network 11,609941,Asa Philip Randolph Elementary School,21,35,46,50,55,54,57,50,48,43,42,0,0,0,0,501
Network 11,610290,Benjamin E Mays Elementary Academy,12,23,47,54,56,56,52,42,53,48,40,0,0,0,0,483
Network 11,610238,Carrie Jacobs Bond Elementary School,11,30,32,39,47,46,30,38,30,23,41,0,0,0,0,367
Network 11,610366,Charles H Wacker Elementary School,14,22,28,18,25,28,31,23,17,25,19,0,0,0,0,250
Network 11,609986,Charles R Henderson Elementary School,7,13,32,35,39,38,31,39,44,34,26,0,0,0,0,338
Network 11,609897,Charles W Earle Elementary School,30,42,49,58,52,63,35,48,57,38,44,0,0,0,0,516
Network 11,609790,Clara Barton Elementary School,26,33,37,52,53,52,46,53,73,41,65,0,0,0,0,531
Network 11,610223,Daniel S Wentworth Elementary School,19,30,48,68,65,59,51,55,62,45,56,0,0,0,0,558
Network 11,610299,Dr. Martin L. King Jr Academy of Social Justice,12,15,20,25,29,34,20,13,25,14,30,0,0,0,0,237
Network 11,609924,Fort Dearborn Elementary School,16,16,41,38,44,52,27,38,43,41,36,0,0,0,0,392
Network 11,609927,Foster Park Elementary School,26,42,30,34,36,34,28,38,33,31,24,0,0,0,0,356
Network 11,610112,Francis W Parker Elementary Community Academy,61,99,70,75,86,88,59,59,71,49,68,0,0,0,0,785
Network 11,609768,Hope College Preparatory High School,0,0,0,0,0,0,0,0,0,0,0,54,59,72,87,272
Network 11,610173,Jesse Sherwood Elementary School,19,33,35,31,32,36,35,38,40,32,23,0,0,0,0,354
Network 11,609864,John W Cook Elementary School,18,21,32,39,48,44,40,50,37,40,35,0,0,0,0,404
Network 11,610019,Joshua D Kershaw Elementary School,16,16,21,30,28,28,27,27,29,21,23,0,0,0,0,266
Network 11,610298,Lenart Elementary Regional Gifted Center,12,22,28,26,30,31,31,31,31,23,24,0,0,0,0,289
Network 11,610108,Luke O'Toole Elementary School,14,25,39,49,45,52,44,49,49,49,52,0,0,0,0,467
Network 11,610369,Mahalia Jackson Elementary School,13,28,33,42,37,36,26,36,39,33,36,0,0,0,0,359
Network 11,610362,Medgar Evers Elementary School,15,25,29,36,38,36,48,35,34,40,29,0,0,0,0,365
Network 11,609692,Neal F Simeon Career Academy High School,0,0,0,0,0,0,0,0,0,0,0,377,343,383,299,"1,402"
Network 11,609793,Nicholson Technology Academy,18,25,55,61,59,78,45,65,55,56,42,0,0,0,0,559
Network 11,610300,Oliver S Westcott Elementary School,19,32,42,48,46,33,33,26,42,32,28,0,0,0,0,381
Network 11,610003,Paul Cuffe Math-Science Technology Academy ES,20,35,33,39,42,54,35,46,46,56,50,0,0,0,0,456
Network 11,609707,Paul Robeson High School,0,0,0,0,0,0,0,0,0,0,0,60,82,79,74,295
Network 11,609791,Perkins Bass Elementary School,21,31,55,55,56,63,43,51,45,52,50,0,0,0,0,522
Network 11,609929,Robert Fulton Elementary School,20,46,54,54,55,59,44,38,41,42,44,0,0,0,0,497
Network 11,610391,Robert Lindblom Math & Science Academy HS,0,0,0,0,0,0,0,0,0,128,138,275,228,215,191,"1,175"
Network 11,610027,Rudyard Kipling Elementary School,0,0,33,41,50,41,44,44,39,37,41,0,0,0,0,370
Network 11,610521,Sir Miles Davis Magnet Elementary Academy,0,0,26,37,27,28,38,35,45,30,34,0,0,0,0,300
Network 11,609745,Southside Occupational Academy High School,0,0,0,0,0,0,0,0,0,0,0,0,0,15,191,206
Network 11,610506,TEAM Englewood Community Academy High School,0,0,0,0,0,0,0,0,0,0,0,99,105,80,94,378
Network 11,609895,Turner-Drew Elementary Language Academy,0,0,27,29,26,27,44,55,27,25,46,0,0,0,0,306
Network 11,610032,Wendell E Green Elementary School,7,22,35,35,33,32,34,31,41,29,30,0,0,0,0,329
Network 11,610153,William H Ryder Math & Science Specialty ES,10,28,21,45,40,45,43,40,27,41,36,0,0,0,0,376
Network 11,609711,William Rainey Harper High School,0,0,0,0,0,0,0,0,0,0,0,71,70,110,98,349
Network 12,610281,Adam Clayton Powell Paideia Community Academy ES,0,0,69,79,63,80,58,46,63,56,61,0,0,0,0,575
Network 12,610316,Amelia Earhart Options for Knowledge ES,0,0,25,31,22,32,35,31,26,18,27,0,0,0,0,247
Network 12,610171,Arnold Mireles Elementary Academy,13,35,80,71,70,85,71,70,78,78,57,0,0,0,0,708
Network 12,609887,Arthur Dixon Elementary School,16,18,41,47,63,63,57,68,67,95,109,0,0,0,0,644
Network 12,609786,Avalon Park Elementary School,17,23,51,48,32,27,27,37,37,31,22,0,0,0,0,352
Network 12,609827,Burnside Elementary Scholastic Academy,14,27,54,53,61,66,72,63,75,52,63,0,0,0,0,600
Network 12,609833,Charles P Caldwell Academy of Math & Science ES,26,30,28,35,30,19,27,20,29,26,30,0,0,0,0,300
Network 12,609813,Charles S Brownell Elementary School,11,29,32,36,34,40,25,23,28,0,0,0,0,0,0,258
Network 12,609815,Edward A Bouchet Math & Science Academy ES,25,41,57,71,82,82,64,53,79,49,63,0,0,0,0,666
Network 12,609862,Edward Coles Elementary Language Academy,21,30,60,49,59,54,35,54,58,62,66,0,0,0,0,548
Network 12,609939,Frank L Gillespie Elementary School,26,32,58,54,77,70,47,43,53,55,58,0,0,0,0,573
Network 12,610124,Harold Washington Elementary School,17,21,30,48,41,46,46,49,57,48,44,0,0,0,0,447
Network 12,610279,Henry O Tanner Elementary School,10,20,33,36,50,47,18,51,53,36,48,0,0,0,0,402
Network 12,610066,James E McDade Elementary Classical School,0,0,27,30,28,26,27,23,21,0,0,0,0,0,0,182
Network 12,610047,James Madison Elementary School,7,17,14,17,24,30,21,21,26,13,20,0,0,0,0,210
Network 12,610200,James N Thorp Elementary School,14,47,31,39,26,30,38,37,36,34,32,0,0,0,0,364
Network 12,610093,Jane A Neil Elementary School,9,7,16,23,35,37,22,34,42,37,38,0,0,0,0,300
Network 12,609710,John M Harlan Community Academy High School,0,0,0,0,0,0,0,0,0,14,8,173,232,153,180,760
Network 12,610130,John T Pirie Fine Arts & Academic Center ES,9,25,36,41,55,44,47,41,44,0,0,0,0,0,0,342
Network 12,610218,Joseph Warren Elementary School,14,25,23,24,24,26,32,25,42,26,39,0,0,0,0,300
Network 12,610152,Martha Ruggles Elementary School,8,22,40,49,37,55,40,51,38,38,31,0,0,0,0,409
Network 12,610312,Mary E McDowell Elementary School,8,8,31,27,36,23,27,25,0,0,0,0,0,0,0,185
Network 12,609961,Ninos Heroes Elementary Academic Center,10,27,37,45,37,46,34,48,36,46,41,0,0,0,0,407
Network 12,610115,Park Manor Elementary School,13,20,50,47,40,43,34,35,41,32,29,0,0,0,0,384
Network 12,610116,Parkside Elementary Community Academy,19,21,42,34,35,37,30,21,31,20,26,0,0,0,0,316
Network 12,610146,Paul Revere Elementary School,9,20,24,31,29,36,30,25,31,21,23,0,0,0,0,279
Network 12,610350,Robert A Black Magnet Elementary School,0,0,29,55,54,55,55,57,58,50,56,0,0,0,0,469
Network 12,610530,South Shore Fine Arts Academy,16,37,50,57,58,58,60,51,39,37,23,0,0,0,0,486
Network 12,610547,South Shore Intl College Prep High School,0,0,0,0,0,0,0,0,0,0,0,132,156,136,245,669
Network 12,610178,Theophilus Schmid Elementary School,19,21,18,20,21,33,18,19,14,14,13,0,0,0,0,210
Network 12,610002,Thomas Hoyne Elementary School,0,0,27,29,31,24,26,31,30,25,18,0,0,0,0,241
Network 12,610193,William K New Sullivan Elementary School,17,22,55,61,65,66,33,46,54,43,39,0,0,0,0,501
Network 13,609808,Alex Haley Elementary Academy,13,20,76,61,60,83,49,56,72,49,78,0,0,0,0,617
Network 13,609821,Burnham Elementary Inclusive Academy,13,27,54,51,39,76,50,70,59,55,78,0,0,0,0,572
Network 13,609705,Christian Fenger Academy High School,0,0,0,0,0,0,0,0,0,0,0,61,88,93,91,333
Network 13,610004,Countee Cullen Elementary School,0,0,25,19,36,27,19,28,23,30,36,0,0,0,0,243
Network 13,610198,Douglas Taylor Elementary School,19,39,54,52,57,55,40,60,57,37,59,0,0,0,0,529
Network 13,610188,Dunne Technology Academy,10,25,17,31,29,24,23,22,21,17,27,0,0,0,0,246
Network 13,610132,Edgar Allan Poe Elementary Classical School,0,0,27,29,28,31,32,26,27,0,0,0,0,0,0,200
Network 13,610315,Edward White Elementary Career Academy,13,7,13,16,22,28,23,14,15,13,14,0,0,0,0,178
Network 13,609917,Fernwood Elementary School,15,25,34,32,37,24,27,31,32,47,38,0,0,0,0,342
Network 13,609800,Frank I Bennett Elementary School,16,23,26,36,41,40,33,37,51,31,39,0,0,0,0,373
Network 13,609761,George H Corliss High School,0,0,0,0,0,0,0,0,0,0,0,105,104,117,95,421
Network 13,610139,George M Pullman Elementary School,12,14,37,29,33,41,28,27,24,20,21,0,0,0,0,286
Network 13,610219,George Washington Elementary School,31,49,91,89,97,88,91,89,89,79,74,0,0,0,0,867
Network 13,609739,George Washington High School,0,0,0,0,0,0,0,0,0,0,0,335,371,403,365,"1,474"
Network 13,609726,Gwendolyn Brooks College Preparatory Academy HS,0,0,0,0,0,0,0,0,0,0,0,195,206,202,187,790
Network 13,609856,Henry Clay Elementary School,23,36,66,51,54,60,59,66,53,64,63,0,0,0,0,595
Network 13,609772,Jane Addams Elementary School,17,62,81,103,91,90,87,100,98,84,77,0,0,0,0,890
Network 13,609943,Jesse Owens Elementary Community Academy,23,33,55,56,65,71,42,43,47,42,59,0,0,0,0,536
Network 13,610176,John D Shoop Math-Science Technical Academy ES,16,25,48,64,43,53,68,56,35,42,54,0,0,0,0,504
Network 13,610054,John L Marsh Elementary School,28,40,91,88,95,99,85,81,91,95,71,0,0,0,0,864
Network 13,610225,John Whistler Elementary School,9,10,24,28,32,32,17,32,35,35,36,0,0,0,0,290
Network 13,610199,Johnnie Colemon Elementary Academy,13,22,28,30,26,24,23,18,30,29,26,0,0,0,0,269
Network 13,610368,Langston Hughes Elementary School,50,62,54,51,44,53,49,42,52,35,57,0,0,0,0,549
Network 13,610128,Marcus Moziah Garvey Elementary School,17,14,33,22,34,28,25,35,29,25,32,0,0,0,0,294
Network 13,609935,Matthew Gallistel Elementary Language Academy,30,62,120,110,128,147,129,144,125,128,138,0,0,0,0,"1,261"
Network 13,610208,Mildred I Lavizzo Elementary School,9,11,38,36,45,59,41,37,38,44,35,0,0,0,0,393
Network 13,610086,Mount Vernon Elementary School,10,18,24,35,33,33,35,25,30,26,24,0,0,0,0,293
Network 13,609811,Orville T Bright Elementary School,15,23,29,27,32,29,29,24,37,22,29,0,0,0,0,296
Network 13,609902,Ralph H Metcalfe Elementary Community Academy,13,25,59,45,44,56,48,50,54,44,54,0,0,0,0,492
Network 13,610091,Ronald Brown Elementary Community Academy,15,27,26,39,29,36,28,27,35,24,26,0,0,0,0,312
Network 13,610295,Thomas J Higgins Elementary Community Academy,7,16,29,33,46,40,30,31,36,27,43,0,0,0,0,338
Network 13,609944,Virgil Grissom Elementary School,12,16,27,41,33,40,35,31,41,32,39,0,0,0,0,347
Network 13,609978,Wendell Smith Elementary School,17,22,51,34,38,47,32,26,36,27,32,0,0,0,0,362
Network 13,610364,William E B Dubois Elementary School,9,13,18,19,19,27,15,24,24,21,23,0,0,0,0,212
Options,610555,Banner Academy West,0,0,0,0,0,0,0,0,0,0,0,93,96,70,42,301
Options,610572,Camelot Safe Academy Elementary,0,0,0,0,0,0,1,0,3,9,14,0,0,0,0,27
Options,610573,Camelot Safe Academy High School,0,0,0,0,0,0,0,0,0,0,0,10,6,4,1,21
Options,609748,Consuella B York Alternative High School,0,0,0,0,0,0,0,0,0,0,0,148,84,68,41,341
Options,610566,Magic Johnson Bridgescape Academy North Lawndale,0,0,0,0,0,0,0,0,0,0,0,80,54,34,32,200
Options,610567,Magic Johnson Bridgescape Academy South Shore,0,0,0,0,0,0,0,0,0,0,0,82,39,36,43,200
Options,610582,Magic Johnson Englewood,0,0,0,0,0,0,0,0,0,0,0,184,9,1,6,200
Options,610580,Magic Johnson Humboldt Park,0,0,0,0,0,0,0,0,0,0,0,42,32,10,11,95
Options,609783,Nancy B Jefferson Alternative High School,0,0,0,0,0,0,0,0,1,6,13,111,127,69,6,333
Options,610569,Ombudsman #1,0,0,0,0,0,0,0,0,0,0,0,35,41,34,35,145
Options,610570,Ombudsman #2,0,0,0,0,0,0,0,0,0,0,0,45,46,38,38,167
Options,610571,Ombudsman #3,0,0,0,0,0,0,0,0,0,0,0,133,144,88,36,401
Options,610557,Pathways in Education,0,0,0,0,0,0,0,0,0,0,0,33,52,74,139,298
Options,610568,Pathways in Education Avondale,0,0,0,0,0,0,0,0,0,0,0,39,53,82,133,307
Options,400173,Pathways in Education Brighton Park,0,0,0,0,0,0,0,0,0,0,0,29,73,69,40,211
Options,610386,Peace & Education Coalition High School,0,0,0,0,0,0,0,0,0,0,0,0,50,47,43,140
Options,609750,Simpson Academy High School for Young Women,0,0,0,0,0,0,0,0,0,0,4,15,18,16,17,70
Options,610574,Winnie Mandela High School,0,0,0,0,0,0,0,0,0,0,0,10,46,61,33,150
OS4,610334,Al Raby High School,0,0,0,0,0,0,0,0,0,0,0,135,117,133,103,488
OS4,609788,Alice L Barnard Computer Math & Science Ctr ES,16,24,29,28,32,24,33,32,30,28,31,0,0,0,0,307
OS4,609837,Andrew Carnegie Elementary School,11,21,78,67,55,84,65,63,60,46,59,0,0,0,0,609
OS4,610268,Arthur R Ashe Elementary School,0,0,40,46,49,40,31,42,35,49,30,0,0,0,0,362
OS4,609764,Benito Juarez Community Academy High School,0,0,0,0,0,0,0,0,0,0,0,469,369,473,365,"1,676"
OS4,610323,Bowen High School,0,0,0,0,0,0,0,0,0,0,0,70,108,109,95,382
OS4,610381,Bronzeville Scholastic Academy High School,0,0,0,0,0,0,0,0,0,0,0,143,116,105,123,487
OS4,609966,Charles G Hammond Elementary School,34,36,51,47,56,60,56,35,47,35,40,0,0,0,0,497
OS4,609674,Chicago Vocational Career Academy High School,0,0,0,0,0,0,0,0,0,0,0,259,292,220,182,953
OS4,609873,Crown Community Academy of Fine Arts Center ES,9,24,17,29,24,48,27,35,37,28,29,0,0,0,0,307
OS4,609819,Edmond Burke Elementary School,34,45,53,39,41,51,37,32,34,32,44,0,0,0,0,442
OS4,609735,Edward Tilden Career Community Academy HS,0,0,0,0,0,0,0,0,0,0,0,105,74,66,83,328
OS4,609712,Emil G Hirsch Metropolitan High School,0,0,0,0,0,0,0,0,0,0,0,47,44,55,55,201
OS4,609908,Esmond Elementary School,14,16,29,22,36,38,31,27,40,30,46,0,0,0,0,329
OS4,610048,George Manierre Elementary School,27,40,37,45,47,30,28,22,36,15,32,0,0,0,0,359
OS4,609845,George Washington Carver Primary School,25,41,39,55,51,49,38,42,32,35,40,0,0,0,0,447
OS4,610052,Horace Mann Elementary School,14,26,32,31,42,48,28,49,44,31,43,0,0,0,0,388
OS4,609848,Ira F Aldridge Elementary School,8,12,21,26,23,26,18,27,21,21,20,0,0,0,0,223
OS4,610256,Jackie Robinson Elementary School,15,25,33,27,22,19,0,0,0,0,0,0,0,0,0,141
OS4,609797,Jacob Beidler Elementary School,31,42,43,57,50,52,39,48,43,53,47,0,0,0,0,505
OS4,610180,John M Smyth Elementary School,30,41,50,52,42,54,29,34,49,32,46,0,0,0,0,459
OS4,609723,John Marshall Metropolitan High School,0,0,0,0,0,0,0,0,0,0,0,148,132,105,129,514
OS4,610034,Lawndale Elementary Community Academy,27,39,31,45,39,45,39,28,38,45,42,0,0,0,0,418
OS4,609907,Leif Ericson Elementary Scholastic Academy,16,30,51,49,39,45,42,41,53,46,48,0,0,0,0,460
OS4,609809,Lorenz Brentano Math & Science Academy ES,33,44,43,47,40,42,44,32,41,31,29,0,0,0,0,426
OS4,609725,Morgan Park High School,0,0,0,0,0,0,0,0,0,41,49,414,346,329,257,"1,436"
OS4,609997,Oliver Wendell Holmes Elementary School,15,18,18,26,28,25,22,23,24,17,12,0,0,0,0,228
OS4,610102,Richard J Oglesby Elementary School,21,31,58,55,45,59,39,46,51,38,38,0,0,0,0,481
OS4,609759,Roberto Clemente Community Academy High School,0,0,0,0,0,0,0,0,0,0,0,232,151,175,175,733
OS4,609805,Scott Joplin Elementary School,12,24,46,45,38,59,54,40,47,43,52,0,0,0,0,460
OS4,609921,Telpochcalli Elementary School,11,22,34,39,31,34,20,32,32,32,25,0,0,0,0,312
OS4,609715,Thomas Kelly High School,0,0,0,0,0,0,0,0,0,0,0,588,597,566,539,"2,290"
OS4,610143,William C Reavis Math & Science Specialty ES,12,21,16,32,23,25,21,33,22,21,20,0,0,0,0,246
OS4,609812,William H Brown Elementary School,13,24,25,21,25,24,24,21,28,20,22,0,0,0,0,247
OS4,609698,William J Bogan High School,0,0,0,0,0,0,0,0,0,0,0,203,217,237,295,952
Regular Educational Units,,,"8,531","13,987","25,496","27,101","27,324","27,708","25,043","25,220","25,669","22,933","24,131","22,488","21,743","19,856","19,388","336,618"
,,,,,,,,,,,,,,,,,,
Charter & Contract Educational Units,,,,,,,,,,,,,,,,,,
Contract,400022,Chicago High School for the Arts,0,0,0,0,0,0,0,0,0,0,0,173,146,128,130,577
Contract,400091,Chicago Technology Academy High School,0,0,0,0,0,0,0,0,0,0,0,88,123,92,74,377
Contract,400043,Hope Institute Learning Academy,0,0,80,75,66,64,52,57,0,0,0,0,0,0,0,394
Contract,400068,Plato Learning Academy Elementary School,0,0,48,55,77,58,55,45,54,49,46,0,0,0,0,487
Charter,400013,ASPIRA Charter - Early College,0,0,0,0,0,0,0,0,0,0,0,129,142,133,104,508
Charter,400017,ASPIRA Charter - Haugan Campus,0,0,0,0,0,0,0,0,128,230,220,0,0,0,0,578
Charter,400015,ASPIRA Charter - Mirta Ramirez Computer Science,0,0,0,0,0,0,0,0,0,0,0,0,0,0,77,77
Charter,400009,Academy for Global Citizenship Elementary School,0,0,48,50,51,49,48,48,50,47,0,0,0,0,0,391
Charter,400011,Alain Locke Charter Elementary Academy,39,41,60,60,60,60,84,61,49,32,35,0,0,0,0,581
Charter,400012,Amandla Charter High School,0,0,0,0,0,0,0,26,47,47,60,56,54,35,0,325
Charter,400010,"Architecture, Construction, and Engineering(ACE)Technical Charter School",0,0,0,0,0,0,0,0,0,0,0,113,115,131,89,448
Charter,400060,Asian Human Services - Passages Charter School,0,35,44,53,52,51,50,47,51,39,34,0,0,0,0,456
Charter,400072,Betty Shabazz Intl Charter,0,0,28,54,50,29,25,30,27,35,27,0,0,0,0,305
Charter,400074,Betty Shabazz Intl Charter - Barbara A Sizemore,0,0,30,21,32,45,31,28,35,24,22,0,0,0,0,268
Charter,400073,Betty Shabazz Intl Charter - DuSable Leadership,0,0,0,0,0,0,0,0,0,0,0,0,0,53,92,145
Charter,400019,Bronzeville Lighthouse Charter Elementary School,0,0,43,67,70,54,53,49,44,43,49,0,0,0,0,472
Charter,400020,Catalyst Charter ES - Howland,0,0,58,49,60,57,50,46,42,53,53,0,0,0,0,468
Charter,400021,Catalyst Elementary School - Circle Rock,0,0,61,60,60,57,61,50,56,53,58,0,0,0,0,516
Charter,400115,Catalyst-Maria Charter School,0,0,61,54,66,62,60,61,57,60,0,160,142,145,28,956
Charter,400161,Chicago Charter Collegiate HS,0,0,0,0,0,0,47,65,61,0,0,0,0,0,0,173
Charter,400023,Chicago Intl Charter - Avalon / South Shore,0,0,59,57,47,52,45,27,21,49,45,0,0,0,0,402
Charter,400024,Chicago Intl Charter - Basil,0,0,89,86,82,81,76,68,54,50,48,0,0,0,0,634
Charter,400025,Chicago Intl Charter - Bucktown,0,0,75,74,78,73,81,72,83,66,73,0,0,0,0,675
Charter,400113,Chicago Intl Charter - Chicago Quest North,0,0,0,0,0,0,0,0,24,50,77,71,64,5,4,295
Charter,400027,Chicago Intl Charter - Irving Park,0,0,56,56,57,28,82,55,81,71,50,0,0,0,0,536
Charter,400108,Chicago Intl Charter - Larry Hawkins,0,0,0,0,0,0,0,0,0,48,25,66,31,35,32,237
Charter,400092,Chicago Intl Charter - Lloyd Bond,0,0,46,49,58,50,55,51,34,0,0,0,0,0,0,343
Charter,400033,Chicago Intl Charter - Longwood,0,0,0,0,0,165,138,159,143,132,137,114,96,100,82,"1,266"
Charter,400026,Chicago Intl Charter - Loomis Primary,0,0,194,196,188,0,0,0,0,0,0,0,0,0,0,578
Charter,400034,Chicago Intl Charter - Northtown,0,0,0,0,0,0,0,0,0,0,0,249,237,197,177,860
Charter,400028,Chicago Intl Charter - Prairie,0,0,51,52,57,32,31,29,46,52,55,0,0,0,0,405
Charter,400032,Chicago Intl Charter - Ralph Ellison,0,0,0,0,0,0,0,0,0,0,0,124,118,124,113,479
Charter,400029,Chicago Intl Charter - Washington Park,0,0,60,58,30,51,58,45,43,45,42,0,0,0,0,432
Charter,400030,Chicago Intl Charter - West Belden,0,0,58,56,56,54,57,55,58,56,51,0,0,0,0,501
Charter,400031,Chicago Intl Charter - Wrightwood,0,0,82,84,83,84,83,85,80,78,72,0,0,0,0,731
Charter,400035,Chicago Math and Science Academy High School,0,0,0,0,0,0,0,0,78,79,86,125,86,77,75,606
Charter,400036,Chicago Virtual Charter High School,0,0,44,47,47,51,52,66,71,73,64,57,42,43,25,682
Charter,400159,Christopher Charter House ES,0,0,55,57,55,0,0,0,0,0,0,0,0,0,0,167
Charter,400094,EPIC Academy High School,0,0,0,0,0,0,0,0,0,0,0,113,114,103,91,421
Charter,400039,Erie Elementary Charter School,0,0,50,51,50,54,47,46,46,46,50,0,0,0,0,440
Charter,400171,Foundations College Prep Charter School,0,0,0,0,0,0,0,0,64,48,0,0,0,0,0,112
Charter,400040,Frazier Preparatory Academy Elementary School,3,18,31,45,43,40,46,45,43,43,49,0,0,0,0,406
Charter,400041,Galapagos Elementary Charter School,0,0,38,43,41,39,36,35,36,34,36,0,0,0,0,338
Charter,400168,Great Lakes Academy Charter School,0,0,86,39,0,0,0,0,0,0,0,0,0,0,0,125
Charter,400042,Henry Ford Academy Power House Charter HS,0,0,0,0,0,0,0,0,0,0,0,0,0,0,97,97
Charter,400167,Horizon Science Academy-Southwest Chicago Charter,0,0,46,52,54,53,53,53,54,47,33,0,0,0,0,445
Charter,400104,Instituto Health Sciences Career Academy HS,0,0,0,0,0,0,0,0,0,0,0,233,247,162,127,769
Charter,400162,Intrinsic Charter HS,0,0,0,0,0,0,0,0,0,98,0,199,152,0,0,449
Charter,400044,KIPP Ascend Academy Charter Elementary School,0,0,0,109,112,112,90,64,85,76,74,0,0,0,0,722
Charter,400177,KIPP Ascend Primary Charter,0,0,109,0,0,0,0,0,0,0,0,0,0,0,0,109
Charter,400163,KIPP Charter Bloom,0,0,0,0,0,0,0,77,88,0,0,0,0,0,0,165
Charter,400146,KIPP Charter Create,0,0,0,0,0,0,0,57,88,88,0,0,0,0,0,233
Charter,400045,Kwame Nkrumah Academy Elementary School,0,0,39,36,38,51,48,49,29,22,0,0,0,0,0,312
Charter,400107,LEARN  Charter School-South Chicago Campus,0,0,70,80,76,70,54,44,30,26,0,0,0,0,0,450
Charter,400165,LEARN Charter - Middle School Campus,0,0,0,0,0,0,0,0,111,96,77,0,0,0,0,284
Charter,400047,LEARN Charter ES - Charles and Dorothy Campbell,0,0,96,98,65,79,80,70,0,0,0,0,0,0,0,488
Charter,400048,LEARN Charter ES - Excel,0,0,86,89,76,78,48,71,0,0,0,0,0,0,0,448
Charter,400046,LEARN Charter ES - Romano Butler Campus,7,33,85,88,100,64,60,58,57,48,38,0,0,0,0,638
Charter,400111,LEARN Charter School - Hunter Perkins,0,0,28,54,84,96,97,50,47,0,0,0,0,0,0,456
Charter,400151,Learn Charter 7 ES,0,0,32,63,46,57,69,0,0,0,0,0,0,0,0,267
Charter,400049,Legacy Charter Elementary School,2,38,52,52,52,52,48,50,51,52,47,0,0,0,0,496
Charter,400119,Legal Prep Charter Academy,0,0,0,0,0,0,0,0,0,0,0,103,57,91,0,251
Charter,400050,Namaste Charter Elementary School,0,0,58,60,60,59,58,55,46,48,41,0,0,0,0,485
Charter,400170,Noble Charter School - The Noble Academy Campus,0,0,0,0,0,0,0,0,0,0,0,194,0,0,0,194
Charter,400156,Noble Street Charter  Crimson HS,0,0,0,0,0,0,0,0,0,0,0,168,98,0,0,266
Charter,400097,Noble Street Charter - Chicago Bulls College,0,0,0,0,0,0,0,0,0,0,0,385,292,230,178,"1,085"
Charter,400052,Noble Street Charter - Gary Comer College Prep,0,0,0,0,0,0,0,0,118,91,84,220,192,178,139,"1,022"
Charter,400053,Noble Street Charter - Golder College Prep,0,0,0,0,0,0,0,0,0,0,0,192,173,147,133,645
Charter,400098,Noble Street Charter - Muchin College Prep,0,0,0,0,0,0,0,0,0,0,0,256,220,178,188,842
Charter,400051,Noble Street Charter - Noble Street College Prep,0,0,0,0,0,0,0,0,0,0,0,173,151,147,144,615
Charter,400054,Noble Street Charter - Pritzker College Prep,0,0,0,0,0,0,0,0,0,0,0,290,241,203,195,929
Charter,400055,Noble Street Charter - Rauner College Prep,0,0,0,0,0,0,0,0,0,0,0,167,159,150,143,619
Charter,400056,Noble Street Charter - Rowe-Clark Math & Sci Acad,0,0,0,0,0,0,0,0,0,0,0,189,160,142,133,624
Charter,400057,Noble Street Charter - UIC College Prep,0,0,0,0,0,0,0,0,0,0,0,281,211,203,192,887
Charter,400157,Noble Street Charter Orange HS,0,0,0,0,0,0,0,0,0,0,0,179,84,0,0,263
Charter,400118,Noble Street Charter School - Purple,0,0,0,0,0,0,0,0,0,0,0,160,145,158,0,463
Charter,400117,Noble Street Charter School - Silver,0,0,0,0,0,0,0,0,0,0,0,270,200,177,0,647
Charter,400106,Noble Street Charter School  Johnson HS,0,0,0,0,0,0,0,0,0,0,0,279,219,195,155,848
Charter,400169,Noble-ITW David Speer Academy Campus,0,0,0,0,0,0,0,0,0,0,0,286,0,0,0,286
Charter,400058,North Lawndale College Prep Charter - Christiana,0,0,0,0,0,0,0,0,0,0,0,113,112,93,93,411
Charter,400059,North Lawndale College Prep Charter - Collins,0,0,0,0,0,0,0,0,0,0,1,119,110,91,89,410
Charter,400062,Perspectives Charter - Calumet Technology,0,0,0,0,0,0,0,0,0,0,1,113,112,109,114,449
Charter,400066,Perspectives Charter - IIT Math & Science Academy,0,0,0,0,0,0,0,0,26,59,91,115,122,80,79,572
Charter,400064,Perspectives Charter - Rodney D Joslin,0,0,0,0,0,0,0,0,46,58,62,54,53,61,50,384
Charter,400061,Perspectives Charter Leadership Academy HS,0,0,0,0,0,0,0,0,40,75,109,111,96,97,113,641
Charter,400069,Polaris Charter Academy Elementary School,0,0,42,52,49,50,52,45,43,48,45,0,0,0,0,426
Charter,400109,Prologue-Joshua Johnston Charter School,0,0,0,0,0,0,0,0,0,0,0,5,28,77,140,250
Charter,400071,Providence Englewood Charter - Bunche,0,0,83,75,67,67,51,42,47,49,31,0,0,0,0,512
Charter,400096,Rowe Elementary School,0,0,108,113,112,111,112,85,26,25,0,0,0,0,0,692
Charter,400116,The Montessori School of Englewood Charter,30,30,45,39,54,33,27,0,0,0,0,0,0,0,0,258
Charter,400112,UNO 51st and Homan Charter Elementary School,0,0,64,64,64,64,64,64,64,64,64,0,0,0,0,576
Charter,400081,UNO Charter - Bartolome de Las Casas,0,0,32,32,32,32,32,32,32,32,31,0,0,0,0,287
Charter,400082,UNO Charter - Carlos Fuentes,0,0,63,64,64,63,65,66,61,65,63,0,0,0,0,574
Charter,400120,UNO Charter - Near West Elementary,0,0,64,64,64,64,64,64,64,64,64,0,0,0,0,576
Charter,400083,UNO Charter - Octavio Paz Campus,0,0,58,54,32,32,61,48,32,49,47,0,0,0,0,413
Charter,400121,UNO Charter - Rogers Park ES,0,0,64,63,64,63,65,65,62,62,64,91,66,0,0,729
Charter,400084,UNO Charter - Rufino Tamayo,0,0,32,32,32,32,32,33,32,32,32,0,0,0,0,289
Charter,400101,UNO Charter - Sandra Cisneros,0,0,64,63,64,64,62,64,64,52,55,0,0,0,0,552
Charter,400153,UNO Charter 15 ES,0,0,63,64,65,64,64,65,59,42,33,0,0,0,0,519
Charter,400114,UNO Charter School - Esmeralda Santiago,0,0,29,30,31,32,32,31,31,31,29,0,0,0,0,276
Charter,400085,UNO Charter School - Major Hector P.Garcia MD Campus,0,0,0,0,0,0,0,0,0,0,0,183,167,156,160,666
Charter,400089,UNO Charter School - Officer Donald J. Marquez,0,0,64,64,64,62,64,62,62,64,63,0,0,0,0,569
Charter,400080,UNO Charter School - PFC Omar E.Torres Campus,0,0,64,64,64,64,63,64,96,95,64,0,0,0,0,638
Charter,400079,UNO Charter School - SPC Daniel Zizumbo Campus,0,0,64,64,64,64,64,64,94,95,64,0,0,0,0,637
Charter,400149,UNO Soccer Academy High School,0,0,0,0,0,0,0,0,0,119,120,214,184,0,0,637
Charter,400078,University of Chicago Charter - Carter G Woodson,0,0,0,0,0,0,0,0,88,125,139,0,0,0,0,352
Charter,400075,University of Chicago Charter - Donoghue,0,59,89,88,88,87,79,76,0,0,0,0,0,0,0,566
Charter,400076,University of Chicago Charter - NKO,0,20,54,54,57,52,52,53,0,0,0,0,0,0,0,342
Charter,400077,University of Chicago Charter - Woodlawn,0,0,0,0,0,0,0,0,70,76,81,149,124,97,53,650
Charter,400086,Urban Prep Acad for Young Men Charter - Englewood,0,0,0,0,0,0,0,0,0,0,0,139,131,115,92,477
Charter,400105,Urban Prep Academy for Young Men - Bronzeville,0,0,0,0,0,0,0,0,0,0,0,123,121,121,114,479
Charter,400102,Urban Prep Academy for Young Men - West,0,0,0,0,0,0,0,0,0,0,0,131,127,82,78,418
Charter,400087,Young Women's Leadership Charter High School,0,0,0,0,0,0,0,0,0,0,53,107,76,56,44,336
Options,400147,Chicago Excel Academy,0,0,0,0,0,0,0,0,0,0,0,79,105,103,87,374
Options,400038,Community Services West Academy,0,0,0,0,0,0,0,0,0,0,0,0,0,137,19,156
Options,400176,Excel Academy - Southwest,0,0,0,0,0,0,0,0,0,0,0,0,2,0,0,2
Options,610565,Excel Academy of Englewood,0,0,0,0,0,0,0,0,0,0,0,116,177,25,22,340
Options,400164,Instituto Charter Rudy Lozano - RLLAM,0,0,0,0,0,0,0,0,0,0,0,0,41,0,35,76
Options,400148,Instituto Justice and Leadership Acad Charter HS,0,0,0,0,0,0,0,0,0,0,0,0,58,102,7,167
Options,400137,Little Black Pearl Art and Design Academy,0,0,0,0,0,0,0,0,0,0,0,41,80,34,35,190
Options,400070,Prologue Early College High School,0,0,0,0,0,0,0,0,0,0,0,13,51,83,75,222
Options,400125,"YCCS-ASPIRA,Antonia Pantoja Alternative HS",0,0,0,0,0,0,0,0,0,0,0,0,145,17,4,166
Options,400123,YCCS-Academy of Scholastic Achievement HS,0,0,0,0,0,0,0,0,0,0,0,0,71,93,31,195
Options,400124,YCCS-Ada S. McKinley-Lakeside HS,0,0,0,0,0,0,0,0,0,0,0,0,133,28,13,174
Options,400126,"YCCS-Association House, El Cuarto Ano HS",0,0,0,0,0,0,0,0,0,0,0,0,94,56,0,150
Options,400127,YCCS-Austin Career Education Center HS,0,0,0,0,0,0,0,0,0,0,0,0,20,67,93,180
Options,400128,YCCS-CCA Academy HS,0,0,0,0,0,0,0,0,0,0,0,0,119,49,12,180
Options,400129,YCCS-Charles Hamilton Houston Alternative HS,0,0,0,0,0,0,0,0,0,0,0,0,101,26,10,137
Options,400150,YCCS-Chatham Academy HS,0,0,0,0,0,0,0,0,0,0,0,0,135,43,14,192
Options,400130,YCCS-Community Youth Development Institute HS,0,0,0,0,0,0,0,0,0,0,0,0,224,19,7,250
Options,400131,YCCS-Dr. Pedro Albizu Campos Puerto Rican HS,0,0,0,0,0,0,0,0,0,0,0,0,108,49,13,170
Options,400133,YCCS-Innovations of Arts Integration HS,0,0,0,0,0,0,0,0,0,0,0,0,233,75,15,323
Options,400134,YCCS-Jane Addams Alternative HS,0,0,0,0,0,0,0,0,0,0,0,0,179,27,1,207
Options,400135,YCCS-Latino Youth Alternative HS,0,0,0,0,0,0,0,0,0,0,0,0,129,81,3,213
Options,400136,YCCS-Olive Harvey Middle College HS,0,0,0,0,0,0,0,0,0,0,0,0,171,19,0,190
Options,400139,YCCS-Sullivan House Alternative HS,0,0,0,0,0,0,0,0,0,0,0,0,306,36,0,342
Options,400141,YCCS-Truman Middle College HS,0,0,0,0,0,0,0,0,0,0,0,0,126,84,3,213
Options,400142,YCCS-Virtual HS,0,0,0,0,0,0,0,0,0,0,0,0,17,116,6,139
Options,400143,YCCS-West Town Academy Alternative HS,0,0,0,0,0,0,0,0,0,0,0,0,123,37,0,160
Options,400144,YCCS-Westside Holistic Leadership Academy HS,0,0,0,0,0,0,0,0,0,0,0,0,143,28,1,172
Options,400145,YCCS-Youth Connection Leadership Academy HS,0,0,0,0,0,0,0,0,0,0,0,0,156,91,3,250
Charter & Contract Totals,,,81,274,"3,482","3,572","3,510","3,311","3,313","3,172","3,649","3,805","3,364","7,878","9,387","6,522","4,745","60,065"
,,,,,,,,,,,,,,,,,,
District Totals,,,"8,612","14,261","28,978","30,673","30,834","31,019","28,356","28,392","29,318","26,738","27,495","30,366","31,130","26,378","24,133","396,683"
